id,Provincia,Nombre,X,Y,Z
B013X,ILLES BALEARS,"ESCORCA, LLUC",40.21666666666667,3.033333333333333,490
B051A,ILLES BALEARS,"SÓLLER, PUERTO",40.516666666666666,3.166666666666667,5
B087X,ILLES BALEARS,BANYALBUFAR,40.03333333333333,3.2666666666666666,60
B103B,ILLES BALEARS,ANDRATX - SANT ELM,40.31666666666667,2.5,52
B158X,ILLES BALEARS,"CALVIÀ, ES CAPDELLÀ",39.63333333333333,3.4333333333333336,50
B228,ILLES BALEARS,"PALMA, PUERTO",39.86666666666667,3.1333333333333333,3
B236C,ILLES BALEARS,"PALMA, UNIVERSIDAD",40.166666666666664,3.25,95
B248,ILLES BALEARS,"SIERRA DE ALFABIA, BUNYOLA",39.833333333333336,3.4833333333333334,1030
B275E,BALEARES,"SON BONET, AEROPUERTO",39.95,3.1,49
B278,ILLES BALEARS,"PALMA DE MALLORCA, AEROPUERTO",40.199999999999996,2.9333333333333336,8
B301,ILLES BALEARS,"LLUCMAJOR, CAP BLANC",40.15,2.8833333333333333,113
B334X,ILLES BALEARS,LLUCMAJOR,40.21666666666667,3.3833333333333333,140
B341X,BALEARES,PORRERES,39.86666666666667,3.3333333333333335,149
B346X,ILLES BALEARS,PORRERES,39.81666666666666,3.1666666666666665,120
B362X,ILLES BALEARS,"CAMPOS, CAN SION",39.75,3.9,40
B373X,ILLES BALEARS,"CAMPOS, SALINES LLEVANT",39.41666666666667,3.716666666666667,3
B398A,ILLES BALEARS,"CABRERA, PARQUE NACIONAL",39.266666666666666,3.1333333333333337,165
B410B,ILLES BALEARS,SANTANYÍ,39.733333333333334,3.8833333333333333,45
B434X,ILLES BALEARS,PORTOCOLOM  ,40.266666666666666,3.5666666666666664,17
B496X,ILLES BALEARS,SON SERVERA,40.43333333333334,3.4,25
B526X,ILLES BALEARS,ARTÀ,40.0,3.416666666666667,110
B569X,ILLES BALEARS,CAPDEPERA,39.71666666666667,4.15,57
B603X,ILLES BALEARS,ARTÀ-COLÒNIA DE SANT PERE,40.1,3.9833333333333334,99
B605X,ILLES BALEARS,"MURO, S'ALBUFERA",40.58333333333333,3.3833333333333333,2
B614E,ILLES BALEARS,MANACOR,39.96666666666666,3.2833333333333337,95
B640X,ILLES BALEARS,PETRA,40.583333333333336,3.3833333333333333,95
B644B,ILLES BALEARS,SINEU,40.233333333333334,3.1333333333333333,120
B656A,ILLES BALEARS,SANTA MARÍA DEL CAMÍ,39.8,2.8166666666666664,121
B662X,ILLES BALEARS,BINISSALEM,40.349999999999994,3.3,105
B684A,ILLES BALEARS,"ESCORCA, SON TORRELLA",40.35,3.05,842
B691,BALEARES,LA PUEBLA (SA CANOVA),40.63333333333333,3.9166666666666665,40
B691Y,ILLES BALEARS,SA POBLA,40.68333333333334,3.0166666666666666,40
B760X,ILLES BALEARS,POLLENÇA,40.483333333333334,3.466666666666667,35
B780X,ILLES BALEARS,PORT DE POLLENÇA,40.46666666666667,3.1166666666666667,2
B800X,ILLES BALEARS,"LA MOLA, MAÓ",40.43333333333334,4.75,78
B825B,ILLES BALEARS,ES MERCADAL,40.416666666666664,4.266666666666667,80
B860X,ILLES BALEARS,CIUTADELLA,40.550000000000004,4.083333333333333,20
B870C,ILLES BALEARS,"CIUTADELLA, CALA GALDANA",40.61666666666666,4.3500000000000005,43
B893,ILLES BALEARS,"MENORCA, AEROPUERTO",40.13333333333333,5.133333333333334,91
B908X,ILLES BALEARS,SANT JOAN DE LABRITJA,39.416666666666664,2.033333333333333,110
B925,ILLES BALEARS,SANT ANTONI DE PORTMANY,39.733333333333334,1.6,32
B954,ILLES BALEARS,"IBIZA, AEROPUERTO",39.45,1.45,6
B957,ILLES BALEARS,EIVISSA,39.266666666666666,1.9166666666666667,3
B986,ILLES BALEARS,FORMENTERA,39.3,2.2666666666666666,24
C018J,LAS PALMAS,TÍAS,29.066666666666666,-14.166666666666666,376
C019V,LAS PALMAS,YAIZA,29.3,-14.0,6
C029O,LAS PALMAS,LANZAROTE AEROPUERTO,29.066666666666666,-13.616666666666667,14
C038N,LAS PALMAS,HARÍA,29.75,-13.833333333333332,277
C048W,LAS PALMAS,TINAJO,29.583333333333336,-14.516666666666666,275
C101A,STA. CRUZ DE TENERIFE,ROQUE DE LOS MUCHACHOS,29.1,-18.599999999999998,2223
C117A,STA. CRUZ DE TENERIFE,PUNTAGORDA,29.4,-18.116666666666667,684
C117Z,STA. CRUZ DE TENERIFE,TIJARAFE,29.150000000000002,-18.15,733
C126A,STA. CRUZ DE TENERIFE,EL PASO,28.883333333333333,-18.05,844
C129V,STA. CRUZ DE TENERIFE,FUENCALIENTE,28.75,-18.299999999999997,30
C129Z,STA. CRUZ DE TENERIFE,TAZACORTE,29.333333333333332,-18.816666666666666,62
C139E,STA. CRUZ DE TENERIFE,LA PALMA AEROPUERTO,29.6,-18.05,33
C148F,STA. CRUZ DE TENERIFE,SAN ANDRÉS Y SAUCES,29.1,-18.716666666666665,362
C229J,LAS PALMAS,PÁJARA,28.983333333333334,-14.833333333333332,15
C239N,LAS PALMAS,"TUINEJE,PUERTO GRAN TARAJAL",28.716666666666665,-14.4,1
C248E,LAS PALMAS,ANTIGUA,28.450000000000003,-14.183333333333334,252
C249I,LAS PALMAS,FUERTEVENTURA AEROPUERTO,29.116666666666667,-14.633333333333333,25
C258K,LAS PALMAS,LA OLIVA,29.35,-14.833333333333332,217
C314Z,STA. CRUZ DE TENERIFE,"VALLEHERMOSO, ALTO IGUALERO  ",28.51666666666667,-18.183333333333334,1475
C316I,STA. CRUZ DE TENERIFE,ARURE,28.816666666666666,-18.2,916
C317B,STA. CRUZ DE TENERIFE,AGULO,28.900000000000002,-17.983333333333334,765
C319W,STA. CRUZ DE TENERIFE,"VALLEHERMOSO, DAMA",28.316666666666666,-17.7,190
C328W,STA. CRUZ DE TENERIFE,HERMIGUA,28.966666666666665,-17.833333333333332,252
C329B,STA. CRUZ DE TENERIFE,"LA GOMERA, AEROPUERTO",28.916666666666664,-17.849999999999998,219
C329Z,STA. CRUZ DE TENERIFE,SAN SEBASTIÁN DE LA GOMERA,28.466666666666665,-17.783333333333335,15
C406G,STA. CRUZ DE TENERIFE,"LA OROTAVA, CAÑADAS TEIDE",28.666666666666664,-17.2,2150
C412N,SANTA CRUZ DE TENERIFE,CITFAGRO_89_CHAVAO,28.4,-17.016666666666666,2071
C415A,SANTA CRUZ DE TENERIFE,CITFAGRO_64_HOYOS,28.616666666666667,-17.133333333333333,990
C417J,SANTA CRUZ DE TENERIFE,CITFAGRO_74_CHIO,28.233333333333334,-17.133333333333336,735
C418I,SANTA CRUZ DE TENERIFE,CITFAGRO_05_GUIAISO1,29.066666666666666,-17.166666666666668,476
C418L,SANTA CRUZ DE TENERIFE,CITFAGRO_76_POZO,28.216666666666665,-17.533333333333335,700
C419L,STA. CRUZ DE TENERIFE,LOMO DEL BALO,28.616666666666667,-17.3,403
C419X,STA. CRUZ DE TENERIFE,ADEJE,28.95,-17.366666666666667,130
C422A,SANTA CRUZ DE TENERIFE,CITFAGRO_94_LOSTOPOS,28.483333333333334,-16.73333333333333,1833
C423R,SANTA CRUZ DE TENERIFE,CITFAGRO_90_PICACHO,28.666666666666664,-16.78333333333333,1654
C426E,SANTA CRUZ DE TENERIFE,CITFAGRO_13_VILAFLOR,28.78333333333333,-17.3,1258
C426I,SANTA CRUZ DE TENERIFE,CITFAGRO_77_PINAL,28.733333333333334,-16.950000000000003,880
C426R,SANTA CRUZ DE TENERIFE,CITFAGRO_09_HELECHO,28.23333333333333,-16.916666666666668,930
C428T,STA. CRUZ DE TENERIFE,ARICO,29.033333333333335,-16.5,418
C428U,SANTA CRUZ DE TENERIFE,CITFAGRO_01_ARICO,28.983333333333334,-16.816666666666666,135
C429I,STA. CRUZ DE TENERIFE,TENERIFE SUR AEROPUERTO,28.85,-17.21666666666667,64
C430E,STA. CRUZ DE TENERIFE,IZAÑA,28.833333333333336,-17.45,2369
C436I,SANTA CRUZ DE TENERIFE,CITFAGRO_54_TOPONEGRO,28.9,-16.73333333333333,290
C436L,SANTA CRUZ DE TENERIFE,CITFAGRO_96_ARAYA,28.6,-17.233333333333334,525
C437E,SANTA CRUZ DE TENERIFE,CITFAGRO_81_MENA,28.45,-16.6,500
C438N,STA. CRUZ DE TENERIFE,CANDELARIA,28.883333333333336,-16.48333333333333,463
C439J,STA. CRUZ DE TENERIFE,GÜÍMAR,28.416666666666668,-17.3,115
C446G,STA. CRUZ DE TENERIFE,"SAN CRISTÓBAL DE LA LAGUNA,LLANO DE LOS LOROS",29.116666666666667,-17.099999999999998,868
C447A,STA. CRUZ DE TENERIFE,TENERIFE NORTE AEROPUERTO,29.116666666666664,-17.083333333333332,632
C448C,SANTA CRUZ DE TENERIFE,CITFAGRO_92_SANTACRUZ,29.2,-16.666666666666664,136
C449C,STA. CRUZ DE TENERIFE,STA.CRUZ DE TENERIFE,29.25,-16.566666666666666,36
C449F,STA. CRUZ DE TENERIFE,ANAGA ,28.983333333333334,-16.916666666666668,19
C449Q,SANTA CRUZ DE TENERIFE,CITFAGRO_97_TAGANANA,29.150000000000002,-16.9,305
C453I,SANTA CRUZ DE TENERIFE,CITFAGRO_88_GAITERO,29.066666666666666,-16.433333333333334,1744
C455M,SANTA CRUZ DE TENERIFE,CITFAGRO_87_AGUAMANSA,29.05,-17.3,1065
C456E,SANTA CRUZ DE TENERIFE,CITFAGRO_10_RAVELO,28.683333333333334,-16.916666666666664,922
C456P,SANTA CRUZ DE TENERIFE,CITFAGRO_70_BENIJO,29.033333333333335,-17.333333333333336,906
C456R,SANTA CRUZ DE TENERIFE,CITFAGRO_69_SUERTE,28.733333333333334,-17.05,551
C457E,SANTA CRUZ DE TENERIFE,CITFAGRO_67_MATANZA,29.4,-16.71666666666667,650
C457I,STA. CRUZ DE TENERIFE,LA VICTORIA DE ACENTEJO,28.516666666666666,-16.733333333333334,567
C458A,STA. CRUZ DE TENERIFE,TACORONTE,29.26666666666667,-16.616666666666667,310
C458U,SANTA CRUZ DE TENERIFE,CITFAGRO_71_PALOB,28.483333333333334,-17.25,595
C459Z,STA. CRUZ DE TENERIFE,PUERTO DE LA CRUZ,28.5,-17.416666666666668,25
C466O,SANTA CRUZ DE TENERIFE,CITFAGRO_91_CUBO,28.683333333333334,-17.450000000000003,878
C467I,SANTA CRUZ DE TENERIFE,CITFAGRO_73_REDON,28.55,-17.2,525
C468I,SANTA CRUZ DE TENERIFE,CITFAGRO_98_ELDRAGO,28.383333333333333,-17.049999999999997,218
C468O,SANTA CRUZ DE TENERIFE,CITFAGRO_62_TRIGO,28.76666666666667,-16.883333333333333,450
C468X,STA. CRUZ DE TENERIFE,SAN JUAN DE LA RAMBLA,28.75,-17.166666666666668,677
C611E,LAS PALMAS,VEGA DE SAN MATEO,28.599999999999998,-15.616666666666667,1702
C612F,LAS PALMAS,"TEJEDA, CRUZ DE TEJEDA",28.416666666666668,-16.516666666666666,1514
C614H,LAS PALMAS,TEJEDA,28.7,-16.55,1060
C619I,LAS PALMAS,LA ALDEA DE SAN NICOLÁS,28.05,-16.633333333333333,10
C619X,LAS PALMAS,AGAETE,28.166666666666668,-16.466666666666665,5
C619Y,LAS PALMAS,LA ALDEA DE SAN NICOLÁS,28.066666666666666,-16.25,13
C623I,LAS PALMAS,"SAN BARTOLOME TIRAJANA, CUEVAS DEL PINAR",28.51666666666667,-15.6,1220
C625O,LAS PALMAS,"SAN BARTOLOME TIRAJANA, LOMOS PEDRO AFONSO",28.26666666666667,-16.333333333333332,806
C628B,LAS PALMAS,"LA ALDEA DE SAN NICOLÁS, TASARTE",28.433333333333334,-15.966666666666667,318
C629Q,LAS PALMAS,"MOGÁN, PUERTO RICO",28.566666666666666,-16.366666666666667,10
C629X,LAS PALMAS,"MOGÁN, PUERTO",28.783333333333335,-16.6,10
C635B,LAS PALMAS,"SAN BARTOLOME TIRAJANA, LAS TIRAJANAS",28.116666666666667,-16.016666666666666,960
C639M,LAS PALMAS,"MASPALOMAS, C. INSULAR TURISMO ",28.233333333333334,-16.1,45
C639U,LAS PALMAS,"SAN BARTOLOME TIRAJANA, EL MATORRAL",28.55,-15.649999999999999,41
C648C,LAS PALMAS,AGÜIMES,28.049999999999997,-15.683333333333332,306
C648N,LAS PALMAS,"TELDE, CENTRO FORESTAL DORAMAS",28.233333333333334,-15.916666666666666,344
C649I,LAS PALMAS,GRAN CANARIA AEROPUERTO,27.983333333333334,-16.099999999999998,24
C649R,LAS PALMAS,"TELDE, MELENARA",28.2,-16.033333333333335,9
C656V,LAS PALMAS,TEROR,28.583333333333332,-16.366666666666667,683
C658L,LAS PALMAS,LAS PALMAS DE G.C. (TAFIRA CMT),28.566666666666666,-15.5,269
C658X,LAS PALMAS,"LAS PALMAS DE GRAN CANARIA, TAFIRA",28.75,-15.649999999999999,269
C659H,LAS PALMAS,"LAS PALMAS DE GRAN CANARIA, SAN CRISTOBAL",28.466666666666665,-16.366666666666667,55
C659M,LAS PALMAS,"LAS PALMAS DE GRAN CANARIA, PL. DE LA FERIA",28.883333333333336,-15.7,15
C665T,LAS PALMAS,VALLESECO,29.016666666666666,-16.5,900
C668V,LAS PALMAS,AGAETE - SUERTE ALTA,28.75,-16.166666666666664,352
C669B,LAS PALMAS,ARUCAS,28.633333333333333,-15.916666666666666,86
C689E,LAS PALMAS,MASPALOMAS,27.883333333333333,-16.333333333333336,6
C839I,LAS PALMAS,TEGUISE,30.133333333333333,-13.616666666666667,10
C839X,LAS PALMAS,LA GRACIOSA,29.98333333333333,-14.116666666666667,19
C916Q,STA. CRUZ DE TENERIFE,"EL PINAR, DEPÓSITO",27.849999999999998,-18.65,948
C917E,STA. CRUZ DE TENERIFE,"EL PINAR, LA DEHESA",28.23333333333333,-19.0,715
C919K,SANTA CRUZ DE TENERIFE,TACORON-LAPILLAS-TORTUGA,28.566666666666666,-18.133333333333333,98
C925F,STA. CRUZ DE TENERIFE,"SAN ANDRÉS, VALVERDE",27.883333333333333,-18.55,1070
C928I,STA. CRUZ DE TENERIFE,VALVERDE,28.45,-18.083333333333336,670
C929I,STA. CRUZ DE TENERIFE,HIERRO AEROPUERTO,27.95,-18.216666666666665,32
C939T,STA. CRUZ DE TENERIFE,"FRONTERA, SABINOSA",28.133333333333333,-18.5,20
0002I,TARRAGONA,VANDELLÒS  ,41.43333333333334,1.15,32
0009X,TARRAGONA,ALFORJA,42.03333333333334,1.75,406
0016A,TARRAGONA,REUS AEROPUERTO,41.833333333333336,1.9666666666666666,71
0016B,TARRAGONA,REUS (CENTRE LECTURA),41.4,1.6333333333333333,118
0034X,TARRAGONA,VALLS,41.86666666666667,1.9,233
0042Y,TARRAGONA,TARRAGONA ,41.55,2.1833333333333336,55
0061X,BARCELONA,PONTONS,41.43333333333333,1.6666666666666665,632
0066X,BARCELONA,VILAFRANCA DEL PENEDÈS,42.13333333333334,2.283333333333333,177
0073X,BARCELONA,SITGES,41.86666666666667,2.0,58
0076,BARCELONA,BARCELONA AEROPUERTO,41.85,2.266666666666667,4
0092X,BARCELONA,BERGA,42.18333333333334,2.3000000000000003,682
0106X,BARCELONA,BALSARENY,42.833333333333336,2.216666666666667,361
0114X,BARCELONA,PRATS DE LLUÇANÈS,42.416666666666664,2.6166666666666667,700
0120X,BARCELONA,MOIÀ,42.599999999999994,2.8000000000000003,742
0149D,BARCELONA,MANRESA (LA CULLA),41.91666666666667,2.25,291
0149X,BARCELONA,MANRESA,41.91666666666667,2.25,291
0158O,BARCELONA,MONTSERRAT,42.25,2.1833333333333336,738
0158X,BARCELONA,MONISTROL DE MONTSERRAT,42.25,2.1833333333333336,738
0171X,BARCELONA,IGUALADA,42.300000000000004,1.6833333333333333,313
0194D,BARCELONA,"CORBERA, PIC D'AGULLES",41.88333333333333,1.9833333333333334,647
0200E,BARCELONA,"BARCELONA, FABRA",41.516666666666666,2.566666666666667,408
0201D,BARCELONA,BARCELONA,41.81666666666666,2.2,6
0201X,BARCELONA,"BARCELONA, MUSEO MARÍTIMO",41.86666666666667,2.5999999999999996,5
0222X,BARCELONA,CALDES DE MONTBUI,42.36666666666667,2.2666666666666666,175
0229I,BARCELONA,SABADELL AEROPUERTO,41.93333333333333,2.283333333333333,146
0244X,BARCELONA,VILASSAR DE DALT,41.8,3.1,56
0252D,BARCELONA,ARENYS DE MAR,41.833333333333336,2.933333333333333,74
0255B,BARCELONA,SANTA SUSANNA,41.699999999999996,3.5,40
0260X,BARCELONA,FOGARS DE MONTCLÚS,42.35,3.283333333333333,936
0281Y,GIRONA,BLANES,42.28333333333333,3.0999999999999996,45
0284X,GIRONA,"CASTELL, PLATJA D'ARO ",42.266666666666666,3.8666666666666667,14
0294B,GIRONA,LA BISBAL (D'EMPORDA 3),42.03333333333334,3.5666666666666664,51
0312X,GIRONA,SANT PAU DE SEGÚRIES,42.75,3.216666666666667,851
0320I,GIRONA,PLANOLES,42.333333333333336,2.2666666666666666,1151
0321,GIRONA,CAMPDEVANOL,42.583333333333336,2.1999999999999997,731
0324A,GIRONA,RIPOLL,42.666666666666664,2.9499999999999997,675
0341,BARCELONA,TONA (ESCOLA),42.63333333333333,2.816666666666667,611
0341X,BARCELONA,TONA,42.650000000000006,2.566666666666667,607
0349,BARCELONA,SANT JULIÀ  DE VILATORTA,42.483333333333334,2.3666666666666663,578
0360X,GIRONA,LES PLANES D'HOSTOLES,42.21666666666666,2.6166666666666667,322
0363X,GIRONA,SANT HILARI,42.71666666666667,3.3,810
0367,GIRONA,GIRONA AEROPUERTO,42.6,3.55,143
0370B,GIRONA,"GIRONA, ANTIC INSTITUT",42.766666666666666,3.333333333333333,95
0370E,GIRONA,GIRONA,42.300000000000004,2.983333333333333,76
0372C,GIRONA,PORQUERES,42.36666666666667,3.5666666666666664,157
0385X,GIRONA,L'ESTARTIT,42.28333333333333,3.2833333333333337,1
0394X,GIRONA,LA VALL DE BIANYA,42.833333333333336,2.783333333333333,350
0411X,GIRONA,CASTELLÓ D'EMPÚRIES,42.7,3.666666666666667,2
0413A,GIRONA,MAÇANET DE CABRENYS,42.6,3.0833333333333335,355
0421E,GIRONA,ESPOLLA 'LES ALBERES',42.78333333333333,3.3666666666666667,100
0421X,GIRONA,ESPOLLA,42.78333333333333,3.3666666666666667,100
0429X,GIRONA,FIGUERES,42.8,3.566666666666667,45
0433D,GIRONA,CABO DE CREUS,42.46666666666667,4.233333333333333,75
1002Y,NAVARRA,"BAZTAN, IRURITA ",43.28333333333333,-2.1166666666666667,183
1010X,NAVARRA,BERA,43.983333333333334,-2.216666666666667,54
1012P,GIPUZKOA,IRUN,43.900000000000006,-2.583333333333333,120
1014,GIPUZKOA,"HONDARRIBIA, MALKARROA",43.766666666666666,-2.3166666666666664,4
1014A,GIPUZKOA,DONOSTIA / SAN SEBASTIÁN AEROPUERTO,43.766666666666666,-2.3166666666666664,4
1021X,GIPUZKOA,"ERRENTERIA, AÑARBE",43.983333333333334,-2.6,165
1021Y,NAVARRA,ARTICUTZA (AUTOMATICA),43.93333333333334,-2.65,305
1024E,GIPUZKOA,"DONOSTIA / SAN SEBASTIÁN, IGELDO",43.68333333333333,-2.5,250
1025A,GIPUZKOA,SEGURA,43.93333333333333,-2.65,255
1025X,GIPUZKOA,"BEASAIN, ARRIARAN",43.33333333333333,-3.1333333333333333,255
1026X,GIPUZKOA,ORDIZIA,43.53333333333333,-2.233333333333333,290
1033X,NAVARRA,ARESO,43.18333333333334,-2.0,520
1037X,GIPUZKOA,LEGAZPI,43.15,-2.5500000000000003,460
1037Y,GIPUZKOA,ZUMARRAGA,43.86666666666667,-2.3666666666666663,420
1038X,GIPUZKOA,AZPEITIA,43.516666666666666,-2.3,180
1041A,GIPUZKOA,ZUMAIA,43.43333333333333,-2.316666666666667,28
1044X,ARABA/ALAVA,"ARAMAIO, ETXAGUEN",43.516666666666666,-2.95,617
1048X,GIPUZKOA,ARETXABALETA,43.516666666666666,-3.3833333333333337,308
1049N,GIPUZKOA,ELGETA,43.43333333333333,-3.2333333333333334,470
1050J,GIPUZKOA,ELGOIBAR,43.76666666666667,-3.2,119
1052A,GIPUZKOA,MUTRIKU,43.35,-3.216666666666667,150
1055B,BIZKAIA,LEKEITIO,43.983333333333334,-3.1166666666666667,12
1056K,BIZKAIA,FORUA,43.88333333333333,-2.933333333333333,45
1057B,BIZKAIA,MATXITXAKO,43.68333333333334,-2.9166666666666665,93
1059X,BIZKAIA,PUNTA GALEA,43.86666666666667,-3.3166666666666664,90
1060X,ARABA/ALAVA,AMURRIO,43.06666666666666,-3.3333333333333335,240
1064L,BIZKAIA,"OROZKO, IBARRA",43.81666666666667,-3.466666666666667,270
1069Y,BIZKAIA,"ABADIÑO, URKIOLA",44.03333333333334,-3.283333333333333,747
1074C,BIZKAIA,AMOREBIETA-ETXANO,43.36666666666667,-3.066666666666667,100
1078C,BIZKAIA,BALMASEDA,44.0,-3.7833333333333337,210
1078I,BIZKAIA,GÜEÑES,43.400000000000006,-3.3833333333333333,208
1082,BIZKAIA,BILBAO AEROPUERTO,44.166666666666664,-3.283333333333333,42
1083B,BIZKAIA,SOPUERTA,44.05,-3.283333333333333,177
1083L,CANTABRIA,CASTRO URDIALES,44.06666666666666,-3.2666666666666666,45
1089U,CANTABRIA,RAMALES DE LA VICTORIA,43.6,-3.716666666666667,80
1096X,CANTABRIA,"BARCENA DE CICERO, TRETO",44.18333333333333,-3.65,1
1103X,CANTABRIA,SAN ROQUE DE RIOMIERA,43.86666666666667,-3.9833333333333334,849
1109,CANTABRIA,SANTANDER AEROPUERTO,43.849999999999994,-4.35,3
1109X,CANTABRIA,SANTANDER AEROPUERTO,44.13333333333333,-4.699999999999999,3
1110,CANTABRIA,"SANTANDER, CIUDAD",44.35,-3.9499999999999997,64
1111,CANTABRIA,SANTANDER,43.95,-3.833333333333333,52
1111X,CANTABRIA,SANTANDER,43.95,-3.833333333333333,51
1124E,CANTABRIA,VILLACARRIEDO,43.96666666666667,-4.8,196
1135C,CANTABRIA,"LOS TOJOS, BÁRCENA MAYOR",43.95,-5.05,460
1152C,CANTABRIA,SAN FELICES DE BUELNA,43.583333333333336,-4.95,105
1154H,CANTABRIA,"TORRELAVEGA, SIERRAPANDO",43.86666666666667,-4.666666666666667,110
1159,CANTABRIA,SAN VICENTE DE LA BARQUERA,43.983333333333334,-4.916666666666667,38
1167B,CANTABRIA,"CAMALEÑO, FUENTE DE",43.766666666666666,-5.566666666666666,1100
1167G,CANTABRIA,"MIRADOR DEL CABLE, PARQUE NACIONAL PICOS DE EUROPA",43.449999999999996,-4.983333333333333,1910
1167J,CANTABRIA,"CORISCAO, PARQUE NACIONAL PICOS DE EUROPA",43.43333333333334,-5.2,1722
1174I,CANTABRIA,"CILLÓRIGO DE LIÉBANA, TAMA",44.13333333333333,-4.699999999999999,251
1176A,CANTABRIA,TRESVISO,43.6,-4.766666666666667,940
1178R,ASTURIAS,"SOTRES, PARQUE NACIONAL PICOS DE EUROPA",43.483333333333334,-4.933333333333334,1236
1178Y,LEON,"POSADA DE VALDEÓN, SOTO ",43.85,-5.816666666666667,953
1179B,ASTURIAS,CABRALES,43.96666666666666,-5.016666666666667,458
1183X,ASTURIAS,LLANES,43.63333333333333,-5.616666666666667,10
1186P,ASTURIAS,"AMIEVA, PANIZALES",43.266666666666666,-5.266666666666667,370
1199X,ASTURIAS,"PILOÑA, BARGAÉU",44.03333333333333,-6.183333333333334,280
1203D,ASTURIAS,COLUNGA,44.03333333333333,-6.066666666666666,30
1207U,ASTURIAS,"GIJÓN, CAMPUS",43.9,-5.883333333333334,26
1208,ASTURIAS,GIJÓN,43.86666666666667,-5.883333333333333,3
1208A,ASTURIAS,GIJÓN. LA MERCED,44.03333333333333,-6.366666666666667,22
1208H,ASTURIAS,"GIJÓN, PUERTO",44.15,-5.75,5
1210X,ASTURIAS,CABO PEÑAS,44.0,-6.75,100
1212E,ASTURIAS,ASTURIAS AEROPUERTO,43.583333333333336,-6.683333333333334,127
1221D,ASTURIAS,PAJARES-VALGRANDE,43.68333333333334,-6.35,1480
1223P,ASTURIAS,"LENA, RONZÓN",44.083333333333336,-6.183333333333333,370
1226X,ASTURIAS,"ALLER, FELECHOSA",43.800000000000004,-6.083333333333334,750
1234P,ASTURIAS,"MIERES, BAIÑA",43.766666666666666,-5.966666666666667,170
1249I,ASTURIAS,OVIEDO,43.550000000000004,-6.316666666666667,336
1249X,ASTURIAS,OVIEDO,43.550000000000004,-6.316666666666667,334
1272B,ASTURIAS,"TINEO, SOUTU",43.699999999999996,-6.583333333333334,280
1276F,ASTURIAS,POLA DE SOMIEDO,43.1,-6.666666666666667,670
1279X,ASTURIAS,"SALAS, CAMUÑO",43.916666666666664,-7.066666666666666,240
1283U,ASTURIAS,CABO BUSTO,43.71666666666667,-6.666666666666667,60
1297E,LUGO,CERVANTES,42.88333333333333,-7.066666666666666,1020
1302F,ASTURIAS,DEGAÑA,43.26666666666667,-6.816666666666666,1310
1309C,ASTURIAS,"IBIAS, SAN ANTOLIN",43.666666666666664,-6.9833333333333325,780
1327A,ASTURIAS,"VILLAYÓN, ONETA",44.38333333333333,-7.066666666666667,410
1331A,ASTURIAS,CASTROPOL,44.0,-7.9,40
1341B,ASTURIAS,"TARAMUNDI, OURIA",44.33333333333333,-7.716666666666667,340
1342X,LUGO,RIBADEO,43.96666666666666,-8.049999999999999,43
1344X,LUGO,MONDOÑEDO,44.3,-8.049999999999999,125
1347T,LUGO,BURELA,43.71666666666667,-7.783333333333333,80
1351,A CORUÑA,ESTACA DE BARES,43.949999999999996,-7.783333333333333,90
1354C,A CORUÑA,FERROL,44.050000000000004,-8.8,4
1363X,A CORUÑA,AS PONTES,44.199999999999996,-8.533333333333333,343
1387,A CORUÑA,A CORUÑA,44.300000000000004,-8.7,57
1387D,A CORUÑA,A CORUÑA BENS,44.15,-8.950000000000001,132
1387E,A CORUÑA,A CORUÑA AEROPUERTO,43.71666666666666,-8.683333333333334,98
1390X,A CORUÑA,"CARBALLO, DEPURADORA",43.41666666666667,-9.35,98
1393,A CORUÑA,CABO VILÁN,43.78333333333333,-9.85,50
1399,A CORUÑA,VIMIANZO,43.5,-9.85,287
1400,A CORUÑA,FISTERRA,43.4,-9.766666666666666,230
1406X,A CORUÑA,MAZARICOS,43.05,-9.6,340
1410X,A CORUÑA,SOBRADO,43.3,-8.350000000000001,500
1428,A CORUÑA,SANTIAGO DE COMPOSTELA AEROPUERTO,43.166666666666664,-9.033333333333333,370
1435C,A CORUÑA,NOIA,42.81666666666666,-9.433333333333334,128
1437O,A CORUÑA,MONTE IROITE,42.95,-9.316666666666666,685
1442U,A CORUÑA,BOIRO,43.266666666666666,-9.416666666666666,10
1446X,LUGO,MONTERROSO,43.38333333333333,-7.866666666666666,680
1455I,PONTEVEDRA,RODEIRO-VILAMAIOR,43.36666666666667,-8.183333333333334,645
1465U,PONTEVEDRA,LALIN-CRISTIMIL,43.58333333333333,-8.733333333333334,463
1466A,PONTEVEDRA,SILLEDA,42.75,-8.716666666666667,435
1468X,PONTEVEDRA,A ESTRADA,43.3,-8.616666666666667,269
1473A,A CORUÑA,PADRÓN,43.03333333333333,-9.25,100
1475X,A CORUÑA,SANTIAGO DE COMPOSTELA,43.43333333333334,-8.9,240
1476R,A CORUÑA,"ROIS, CASAS DO PORTO",43.71666666666667,-9.583333333333332,210
1477U,PONTEVEDRA,VILAGARCIA DE AROUSA,43.5,-8.950000000000001,36
1477V,PONTEVEDRA,VILAGARCÍA DE AROUSA,42.66666666666667,-9.25,32
1484,PONTEVEDRA,"PONTEVEDRA, INSTITUTO",43.25,-9.466666666666667,19
1484C,PONTEVEDRA,PONTEVEDRA,42.73333333333333,-9.549999999999999,113
1486E,PONTEVEDRA,ESCUELA NAVAL DE MARÍN,43.15,-9.116666666666665,3
1489A,PONTEVEDRA,A LAMA,42.81666666666666,-8.516666666666666,395
1495,PONTEVEDRA,VIGO AEROPUERTO,42.550000000000004,-9.05,255
1496X,PONTEVEDRA,VIGO ,43.050000000000004,-9.166666666666666,120
1505,LUGO,LUGO AEROPUERTO,43.78333333333333,-7.9,442
1518A,LUGO,LUGO,43.88333333333333,-7.7,442
1521I,LUGO,O PÁRAMO,43.550000000000004,-8.45,403
1521X,LUGO,BECERREÁ,43.68333333333334,-7.3,1080
1541B,LEON,VILLABLINO,43.65,-6.366666666666666,958
1542,ASTURIAS,PUERTO DE LEITARIEGOS,43.63333333333333,-7.25,1530
1549,LEON,PONFERRADA,43.38333333333333,-6.6,532
1561I,LEON,VEGA DE ESPINAREDA  ,43.71666666666667,-7.083333333333334,770
1583X,OURENSE,O BARCO DE VALDEORRAS,43.33333333333333,-7.566666666666666,315
1631E,OURENSE,A POBRA DE TRIVES,42.7,-8.216666666666667,840
1639X,OURENSE,CHANDREXA DE QUEIXA,42.86666666666667,-7.4,990
1658,LUGO,FOLGOSO DO COUREL,42.900000000000006,-7.683333333333334,612
1679A,LUGO,MONFORTE DE LEMOS,43.416666666666664,-8.15,291
1690A,OURENSE,OURENSE,42.833333333333336,-8.433333333333334,146
1690B,OURENSE,"OURENSE,INSTITUTO",43.25,-8.716666666666667,148
1696O,OURENSE,BEARIZ,42.550000000000004,-8.950000000000001,610
1700X,OURENSE,O CARBALLIÑO,42.699999999999996,-8.633333333333335,400
1701X,OURENSE,RIBADAVIA,42.3,-8.866666666666667,112
1706A,OURENSE,ALLARIZ,43.13333333333333,-8.55,492
1719,PONTEVEDRA,A CAÑIZA,42.300000000000004,-9.133333333333335,560
1723X,PONTEVEDRA,"PONTEAREAS, CANEDO   ",43.099999999999994,-9.049999999999999,90
1730E,PONTEVEDRA,O ROSAL,42.56666666666666,-9.683333333333334,55
1735X,OURENSE,XINZO DE LIMIA,42.81666666666667,-7.75,616
1738U,OURENSE,MUIÑOS,41.98333333333333,-8.316666666666666,730
1740,CANTABRIA,"SANTILLANA DEL MAR, ALTAMIRA",44.0,-4.583333333333333,150
2005Y,SORIA,"VINUESA, QUINTANAREJO",42.03333333333334,-3.7333333333333334,1197
2017Y,SORIA,"LA PÓVEDA DE SORIA, BARRIOMARTÍN",42.733333333333334,-3.1333333333333333,1260
2030,SORIA,SORIA,42.266666666666666,-3.45,1081
2044B,SORIA,LUBIA,41.63333333333333,-2.95,1100
2048A,SORIA,MORÓN DE ALMAZÁN,41.58333333333333,-2.6333333333333333,978
2059B,SORIA,LA RIBA DE ESCALOTE,42.31666666666667,-2.783333333333333,1042
2084Y,SORIA,UCERO,42.03333333333334,-3.8499999999999996,960
2092,SORIA,BURGO DE OSMA,41.95,-3.3000000000000003,932
2096B,SORIA,LICERAS,41.78333333333333,-3.3333333333333335,1150
2106B,BURGOS,CORUÑA DEL CONDE,42.483333333333334,-4.283333333333333,955
2117D,BURGOS,ARANDA DE DUERO,42.6,-4.3,790
2135A,SEGOVIA,FRESNO DE CANTESPINO,41.733333333333334,-3.9333333333333336,993
2140A,SEGOVIA,ALDEANUEVA DE SERREZUELA,42.31666666666667,-3.933333333333333,1135
2150H,SEGOVIA,"LA PINILLA, ESTACIÓN DE ESQUÍ",41.699999999999996,-3.9833333333333334,1798
2166Y,VALLADOLID,PEÑAFIEL,42.16666666666667,-4.6,756
2172Y,VALLADOLID,SARDÓN DE DUERO,42.31666666666667,-4.733333333333333,725
2182C,SEGOVIA,PEDRAZA,41.166666666666664,-4.2,1107
2192C,SEGOVIA,CUÉLLAR,41.4,-5.183333333333334,795
2235U,PALENCIA,CERVERA DE PISUERGA,43.1,-4.716666666666667,1140
2243A,PALENCIA,AGUILAR DE CAMPOO,43.61666666666667,-4.883333333333333,910
2276B,PALENCIA,VILLAELES DE VALDAVIA,42.7,-5.066666666666666,908
2285B,BURGOS,VILLADIEGO,42.949999999999996,-4.066666666666666,869
2290Y,BURGOS,PEDROSA DEL PRÍNCIPE,42.31666666666667,-5.116666666666667,771
2296A,SORIA,ÓLVEGA,42.3,-2.566666666666667,1039
2298,BURGOS,PALACIOS DE LA SIERRA,42.53333333333334,-4.016666666666667,1080
2302N,BURGOS,MONTERRUBIO DE LA DEMANDA,42.916666666666664,-3.75,1197
2311Y,BURGOS,VILLAMAYOR DE LOS MONTES,42.41666666666667,-3.8333333333333335,882
2331,BURGOS,BURGOS AEROPUERTO,42.766666666666666,-3.9,891
2362C,PALENCIA,"VELILLA DEL RÍO CARRIÓN, CAMPORREDONDO DE ALBA",43.516666666666666,-5.516666666666667,1575
2374X,PALENCIA,CARRIÓN DE LOS CONDES,42.4,-4.65,830
2400E,PALENCIA,AUTILLA DEL PINO,42.71666666666667,-4.766666666666667,874
2401,PALENCIA,"PALENCIA, OBSERVATORIO",42.3,-5.266666666666667,750
2401X,PALENCIA,PALENCIA,42.56666666666667,-5.183333333333334,736
2422,VALLADOLID,VALLADOLID,42.083333333333336,-5.016666666666667,734
2430Y,AVILA,MUÑOTELLO,41.13333333333333,-5.683333333333334,1178
2444,AVILA,ÁVILA,41.199999999999996,-5.45,1130
2444C,AVILA,"ÁVILA, AYUNTAMIENTO",41.05,-4.716666666666667,1143
2453E,AVILA,GOTARRENDURA,41.550000000000004,-5.25,920
2456B,AVILA,AREVALO,41.35,-5.516666666666667,820
2462,MADRID,PUERTO DE NAVACERRADA,41.36666666666667,-4.633333333333333,1893
2465,SEGOVIA,SEGOVIA,41.65,-4.699999999999999,1008
2465A,SEGOVIA,"SEGOVIA, INSTITUTO",41.73333333333333,-5.05,990
2471Y,SEGOVIA,SAN RAFAEL,40.833333333333336,-4.916666666666667,1237
2482B,SEGOVIA,MIGUELAÑEZ,41.7,-4.916666666666666,870
2491C,SALAMANCA,"LA COVATILLA, ESTACIÓN DE ESQUÍ",40.65,-6.083333333333334,1960
2503B,VALLADOLID,"OLMEDO, DEPÓSITO DE AGUA",42.06666666666666,-5.2,786
2503X,VALLADOLID,OLMEDO,41.86666666666667,-4.9,740
2507Y,VALLADOLID,RUEDA,41.58333333333333,-5.766666666666667,724
2512Y,AVILA,RIVILLA DE BARAJAS,41.8,-5.133333333333333,925
2517A,VALLADOLID,FUENTE EL SOL,41.53333333333333,-5.316666666666667,755
2536D,ZAMORA,MORALES DEL TORO,42.449999999999996,-5.566666666666666,710
2539,VALLADOLID,VALLADOLID AEROPUERTO,42.41666666666667,-5.183333333333333,846
2555B,ZAMORA,FUENTESAUCO,41.43333333333334,-6.35,811
2565,ZAMORA,CORESES,41.86666666666667,-6.45,701
2568D,PALENCIA,"SANTERVÁS DE LA VEGA, VILLAPÚN ",42.93333333333333,-4.916666666666666,985
2593D,VALLADOLID,VILLALÓN DE CAMPOS,42.733333333333334,-5.5,782
2604B,VALLADOLID,MEDINA DE RIOSECO,42.416666666666664,-5.45,731
2611D,ZAMORA,VILLAFÁFILA,42.233333333333334,-6.133333333333333,690
2614,ZAMORA,ZAMORA,42.43333333333333,-5.85,656
2624C,LEON,RIAÑO,43.45,-5.45,1090
2626Y,LEON,CUBILLAS DE RUEDA,42.81666666666667,-5.783333333333333,916
2630X,LEON,PUERTO DE SAN ISIDRO,43.78333333333333,-5.9833333333333325,1510
2661,LEON,"LEÓN, VIRGEN DEL CAMINO",42.88333333333333,-5.716666666666667,912
2661B,LEON,LEÓN AEROPUERTO,43.550000000000004,-6.25,912
2664B,LEON,VALENCIA DE DON JUAN,43.03333333333333,-5.783333333333333,788
2701D,LEON,"BARRIOS DE LUNA, MIÑERA",43.016666666666666,-6.116666666666667,1120
2728B,LEON,"QUINTANA DEL CASTILLO, VILLAMECA",43.53333333333333,-6.316666666666666,995
2734D,LEON,ASTORGA,43.06666666666667,-6.533333333333333,919
2737E,LEON,LAGUNAS DE SOMOZA,43.016666666666666,-6.983333333333333,1020
2742R,LEON,BUSTILLO DEL PÁRAMO,43.43333333333334,-6.55,850
2755X,ZAMORA,BENAVENTE,42.65,-5.666666666666667,715
2766E,ZAMORA,"SANABRIA, ROBLEDA-CERVANTES",43.0,-7.033333333333333,935
2775X,ZAMORA,VILLARDECIERVOS,42.416666666666664,-7.05,850
2777K,ZAMORA,SANTIBAÑEZ DE VIDRIALES,42.75,-6.433333333333334,737
2789H,ZAMORA,POZUELO DE TABARA,41.916666666666664,-6.433333333333334,711
2804F,ZAMORA,VILLADEPERA,41.56666666666666,-6.65,790
2811A,AVILA,NAVARREDONDA DE GREDOS,40.38333333333333,-5.716666666666667,1525
2828Y,AVILA,BARCO DE AVILA,40.66666666666667,-5.666666666666667,1012
2847X,SALAMANCA,PEDROSILLO DE LOS AIRES   ,41.199999999999996,-6.2333333333333325,865
2863C,SALAMANCA,PEDRAZA DE ALBA  ,41.65,-6.316666666666666,897
2867,SALAMANCA,SALAMANCA AEROPUERTO,41.51666666666667,-6.383333333333334,790
2870,SALAMANCA,SALAMANCA,41.400000000000006,-6.383333333333334,775
2873X,SALAMANCA,BARBADILLO,41.11666666666667,-6.55,817
2882D,ZAMORA,PEÑAUSENDE,41.56666666666667,-6.7333333333333325,1003
2885K,ZAMORA,FRESNO DE SAYAGO,41.56666666666666,-6.35,804
2891A,SALAMANCA,VILLARINO DE LOS AIRES,42.03333333333333,-7.2,690
2914C,SALAMANCA,BOADILLA FUENTE SAN ESTEBAN,40.949999999999996,-6.366666666666667,785
2916A,SALAMANCA,VITIGUDINO,41.68333333333333,-6.7,769
2918Y,SALAMANCA,EL MAÍLLO,40.733333333333334,-6.633333333333334,1027
2926B,SALAMANCA,BAÑOBÁREZ,40.93333333333334,-7.133333333333333,748
2930Y,SALAMANCA,NAVASFRÍAS,41.08333333333333,-7.566666666666666,880
2945A,SALAMANCA,EL BODÓN BASE AÉREA,40.583333333333336,-7.183333333333334,805
2946X,SALAMANCA,SAELICES EL CHICO,40.733333333333334,-6.6,680
2966D,ZAMORA,ALCAÑICES  ,41.68333333333333,-6.383333333333333,840
2969U,OURENSE,A GUDIÑA,42.65,-8.15,910
2978X,OURENSE,VERÍN,42.516666666666666,-7.733333333333333,380
3013,GUADALAJARA,MOLINA DE ARAGÓN,41.333333333333336,-2.6,1062
3021Y,GUADALAJARA,ZAOREJAS,41.516666666666666,-2.2333333333333334,1230
3040Y,CUENCA,BETETA,40.86666666666667,-2.6500000000000004,1214
3044X,CUENCA,CAÑIZARES,41.333333333333336,-2.15,928
3085Y,GUADALAJARA,PASTRANA,40.86666666666667,-3.1333333333333333,920
3094B,CUENCA,TARANCÓN,40.68333333333333,-3.3,808
3099Y,TOLEDO,OCAÑA,40.03333333333333,-4.25,733
3100B,MADRID,ARANJUEZ,40.1,-4.3,540
3103,GUADALAJARA,PANTANO EL VADO,41.21666666666667,-3.4166666666666665,910
3104Y,MADRID,RASCAFRÍA,41.266666666666666,-4.183333333333334,1159
3110C,MADRID,BUITRAGO DEL LOZOYA,41.416666666666664,-4.416666666666667,1030
3111D,MADRID,SOMOSIERRA,41.266666666666666,-4.383333333333333,1450
3125Y,MADRID,SAN SEBASTIÁN DE LOS REYES,40.55,-3.6166666666666667,672
3126Y,MADRID,"MADRID, EL GOLOSO",41.23333333333333,-4.416666666666667,740
3129,MADRID,MADRID AEROPUERTO,40.46666666666667,-3.8833333333333333,609
3130C,GUADALAJARA,SIGÜENZA,41.266666666666666,-2.7,1005
3140Y,GUADALAJARA,MANDAYONA,41.083333333333336,-3.35,990
3168A,GUADALAJARA,"GUADALAJARA, INSTITUTO",40.71666666666667,-3.1666666666666665,685
3168C,GUADALAJARA,"GUADALAJARA, EL SERRANILLO",41.199999999999996,-3.5666666666666664,639
3168D,GUADALAJARA,GUADALAJARA,41.43333333333334,-3.15,727
3170Y,MADRID,ALCALA DE HENARES,41.21666666666667,-3.6666666666666665,605
3175,MADRID,TORREJÓN DE ARDOZ,40.800000000000004,-4.050000000000001,607
3182Y,MADRID,ARGANDA DEL REY,41.0,-4.35,533
3191E,MADRID,COLMENAR VIEJO,41.449999999999996,-4.65,1004
3194U,MADRID,"MADRID, CIUDAD UNIVERSITARIA",40.550000000000004,-4.166666666666667,664
3194Y,MADRID,POZUELO DE ALARCÓN,41.33333333333333,-4.6,665
3195,MADRID,"MADRID, RETIRO",41.11666666666667,-4.35,667
3196,MADRID,"MADRID, CUATRO VIENTOS",40.9,-3.9499999999999997,690
3200,MADRID,GETAFE,41.25,-4.05,620
3209Y,GUADALAJARA,BRIHUEGA,41.666666666666664,-3.316666666666667,955
3229Y,MADRID,TIELMES,41.06666666666667,-4.0,594
3245Y,TOLEDO,TEMBLEQUE,40.449999999999996,-3.85,635
3254Y,TOLEDO,MORA ,39.9,-4.6,717
3259,TOLEDO,"TOLEDO, LORENZANA",40.41666666666667,-4.55,540
3260B,TOLEDO,TOLEDO,39.96666666666667,-4.75,513
3266A,MADRID,PUERTO ALTO DEL LEÓN,41.083333333333336,-4.65,1532
3268C,MADRID,ALPEDRETE,41.233333333333334,-4.066666666666666,924
3298X,TOLEDO,SAN PABLO DE LOS MONTES,40.35,-4.383333333333333,917
3305Y,TOLEDO,NAVAHERMOSA,40.45,-5.083333333333334,750
3319D,AVILA,PUERTO DEL PICO,40.71666666666667,-5.766666666666667,1285
3330Y,MADRID,ROZAS DE PUERTO REAL,41.08333333333333,-4.716666666666667,890
3337U,AVILA,CEBREROS,40.516666666666666,-4.8,850
3338,MADRID,ROBLEDO DE CHAVELA,41.08333333333333,-4.25,763
3343Y,MADRID,VALDEMORILLO,41.28333333333333,-4.716666666666667,884
3362Y,TOLEDO,CASTILLO DE BAYUELA,40.583333333333336,-5.5,560
3365A,TOLEDO,TALAVERA DE LA REINA,40.46666666666667,-5.666666666666666,372
3386A,CACERES,NAVALVILLAR DE IBOR,40.083333333333336,-5.433333333333334,923
3391,AVILA,SOTILLO DE LA ADRADA,40.6,-5.033333333333333,630
3422D,AVILA,CANDELEDA,40.483333333333334,-5.983333333333333,350
3423I,CACERES,MADRIGAL DE LA VERA,40.38333333333333,-5.766666666666667,464
3427Y,TOLEDO,OROPESA,40.583333333333336,-5.966666666666667,345
3434X,CACERES,NAVALMORAL DE LA MATA,40.68333333333333,-6.516666666666667,269
3436D,CACERES,GARGANTA LA OLLA,40.766666666666666,-5.866666666666666,690
3448X,CACERES,SERRADILLA,40.06666666666667,-6.766666666666667,406
3455X,CACERES,JARAICEJO,39.86666666666667,-6.3,559
3463X,CACERES,TRUJILLO,40.41666666666667,-6.1,503
3463Y,CACERES,TRUJILLO,40.300000000000004,-6.316666666666667,523
3469,CACERES,"CÁCERES, CIUDAD",40.016666666666666,-6.949999999999999,459
3469A,CACERES,CÁCERES,39.75,-6.666666666666666,394
3475X,CACERES,CAÑAVERAL,40.21666666666666,-6.949999999999999,373
3494U,CACERES,NUÑOMORAL,40.88333333333333,-6.616666666666667,470
3503,CACERES,GUIJO DE GRANADILLA,40.55,-6.216666666666667,400
3504X,CACERES,HERVÁS,41.15,-6.516666666666667,724
3512X,CACERES,MONTEHERMOSO,40.91666666666667,-6.666666666666666,351
3514B,CACERES,TORNAVACAS,40.766666666666666,-6.366666666666667,991
3516X,CACERES,PIORNAL,40.36666666666667,-6.766666666666667,1260
3519X,CACERES,PLASENCIA,40.61666666666667,-6.233333333333333,415
3526X,CACERES,CORIA,40.21666666666667,-7.0,313
3531X,CACERES,TORRECILLA DE LOS ANGELES,40.55,-7.1000000000000005,459
3536X,CACERES,HOYOS,40.65,-7.183333333333334,560
3540X,CACERES,ZARZA LA MAYOR,40.15,-7.449999999999999,336
3547X,CACERES,VALVERDE DEL FRESNO,40.63333333333333,-7.6499999999999995,450
3562X,CACERES,ALISEDA,40.06666666666666,-6.916666666666667,321
3565X,CACERES,BROZAS,39.7,-7.433333333333334,425
3576X,CACERES,VALENCIA DE ALCÁNTARA,40.28333333333333,-8.083333333333334,444
4007Y,ALBACETE,OSSA DE MONTIEL,39.900000000000006,-3.4333333333333336,905
4051Y,CUENCA,ALCÁZAR DEL REY,40.71666666666666,-3.2166666666666663,875
4061X,TOLEDO,QUINTANAR DE LA ORDEN,40.41666666666667,-3.933333333333333,692
4064Y,CIUDAD REAL,ALCAZAR DE SAN JUAN,39.833333333333336,-4.15,640
4067,TOLEDO,MADRIDEJOS,40.0,-4.216666666666667,690
4070Y,CUENCA,ABIA DE OBISPALIA,40.15,-3.1,1020
4075Y,CUENCA,VILLARES DEL SAZ,40.25,-2.7,870
4089A,CUENCA,ALBERCA DE ZANCARA,39.53333333333333,-3.2333333333333334,805
4090Y,CUENCA,SAN CLEMENTE,39.416666666666664,-2.65,728
4091Y,ALBACETE,VILLARROBLEDO,39.96666666666667,-3.1333333333333337,718
4093Y,CUENCA,OSA DE LA VEGA ,40.016666666666666,-3.35,763
4095Y,CUENCA,BELMONTE,39.86666666666667,-3.0333333333333337,745
4096Y,ALBACETE,MUNERA,39.016666666666666,-2.816666666666667,918
4103X,CIUDAD REAL,TOMELLOSO,39.31666666666666,-3.45,662
4116I,CIUDAD REAL,ALMAGRO / FAMET,39.0,-4.25,626
4121,CIUDAD REAL,CIUDAD REAL,39.333333333333336,-4.133333333333333,626
4121C,CIUDAD REAL,"CIUDAD REAL, INSTITUTO",39.25,-4.666666666666666,627
4138Y,CIUDAD REAL,VILLANUEVA DE LOS INFANTES,38.983333333333334,-3.2666666666666666,900
4147X,CIUDAD REAL,VALDEPEÑAS,38.78333333333333,-3.8666666666666667,700
4148,CIUDAD REAL,VISO DEL MARQUÉS,38.6,-3.5666666666666664,804
4193Y,CIUDAD REAL,EL ROBLEDO,39.233333333333334,-5.233333333333333,587
4195E,CIUDAD REAL,"ALCORNOQUERA, PARQUE NACIONAL CABAÑEROS",39.56666666666667,-5.083333333333334,651
4210Y,CIUDAD REAL,ABENÓJAR,39.766666666666666,-4.8,718
4220X,CIUDAD REAL,PUEBLA DE DON RODRIGO,39.1,-4.933333333333334,531
4236Y,CACERES,PUERTO REY ,39.483333333333334,-5.6,689
4244X,BADAJOZ,HERRERA DEL DUQUE,39.33333333333333,-5.783333333333333,447
4245X,CACERES,GUADALUPE,39.76666666666667,-5.333333333333333,660
4260,BADAJOZ,PERALEDA DEL ZAUCEJO,39.25,-6.216666666666667,542
4263X,CORDOBA,VALSEQUILLO,38.96666666666667,-5.383333333333333,575
4267X,CORDOBA,HINOJOSA DEL DUQUE,39.4,-5.383333333333333,551
4300Y,CIUDAD REAL,ALMADÉN,39.28333333333333,-5.55,535
4325Y,BADAJOZ,CASTUERA,39.25,-6.266666666666667,459
4339X,CACERES,CAÑAMERO,40.15,-5.5,590
4340,BADAJOZ,NAVALVILLAR DE PELA,39.300000000000004,-6.133333333333334,313
4347X,CACERES,ZORITA,40.233333333333334,-6.316666666666666,413
4358X,BADAJOZ,DON BENITO,39.28333333333334,-6.7,273
4362X,BADAJOZ,RETAMAL DE LLERENA,39.150000000000006,-6.583333333333333,474
4386B,BADAJOZ,LLERENA,39.11666666666667,-6.033333333333333,655
4395X,BADAJOZ,VILLAFRANCA DE LOS BARROS,38.65,-6.7,430
4410X,BADAJOZ,MÉRIDA,39.85,-6.5166666666666675,228
4411C,CACERES,ALCUESCAR,40.05,-7.083333333333334,467
4427X,BADAJOZ,ZAFRA,38.96666666666666,-6.633333333333334,433
4436Y,BADAJOZ,ALMENDRALEJO,39.016666666666666,-7.016666666666667,371
4452,BADAJOZ,BADAJOZ AEROPUERTO,38.88333333333333,-7.633333333333333,185
4464X,BADAJOZ,ALBURQUERQUE,40.08333333333333,-7.7,283
4468X,BADAJOZ,PUEBLA DE OBANDO,39.766666666666666,-6.6499999999999995,392
4478X,BADAJOZ,BADAJOZ,39.05,-7.566666666666666,174
4486X,BADAJOZ,OLIVENZA,39.53333333333333,-7.1499999999999995,275
4489X,BADAJOZ,ALCONCHEL,38.56666666666667,-8.183333333333334,170
4492F,BADAJOZ,BARCARROTA,38.833333333333336,-7.316666666666667,377
4497X,BADAJOZ,VILLANUEVA DEL FRESNO,38.7,-7.633333333333334,247
4499X,BADAJOZ,MONESTERIO,38.95,-6.583333333333333,771
4501X,BADAJOZ,FUENTE DE CANTOS,38.733333333333334,-6.983333333333333,602
4511C,BADAJOZ,JEREZ DE LOS CABALLEROS,39.199999999999996,-7.65,381
4520X,BADAJOZ,FREGENAL DE LA SIERRA,38.86666666666667,-7.3500000000000005,586
4527X,HUELVA,AROCHE,38.78333333333334,-7.516666666666667,267
4549Y,HUELVA,AYAMONTE,37.86666666666666,-8.083333333333334,3
4560Y,HUELVA,ALAJAR,37.983333333333334,-7.166666666666667,572
4605,HUELVA,HUELVA,37.65,-7.916666666666667,17
4642E,HUELVA,"HUELVA, RONDA ESTE",37.96666666666667,-7.6000000000000005,18
5000A,CEUTA,"CEUTA, MONTE HACHO",36.61666666666667,-5.816666666666666,200
5000C,CEUTA,CEUTA,36.2,-6.1499999999999995,87
5038X,JAEN,CAZORLA,38.85,-3.2333333333333334,782
5047E,GRANADA,BAZA,37.85,-2.8333333333333335,785
5051X,GRANADA,HUÉSCAR,38.516666666666666,-2.8166666666666664,1092
5181D,JAEN,ARROYO DEL OJANCO,39.18333333333333,-3.2666666666666666,580
5192,JAEN,VILLARRODRIGO,38.833333333333336,-2.8833333333333333,862
5246,JAEN,SANTA ELENA,39.0,-3.65,770
5270,JAEN,"JAÉN, INSTITUTO",38.35,-4.116666666666666,510
5270B,JAEN,JAÉN,38.416666666666664,-4.35,580
5298X,JAEN,ANDÚJAR,38.4,-4.85,202
5390Y,CORDOBA,VILLANUEVA DE CÓRDOBA,39.300000000000004,-5.133333333333333,750
5402,CORDOBA,CÓRDOBA AEROPUERTO,38.766666666666666,-5.633333333333333,90
5427X,CORDOBA,DOÑA MENCÍA,37.916666666666664,-4.583333333333333,650
5514,GRANADA,GRANADA BASE AÉREA,37.36666666666667,-4.5,687
5530E,GRANADA,GRANADA AEROPUERTO,37.599999999999994,-4.166666666666667,567
5582A,GRANADA,LOJA,37.81666666666666,-4.316666666666667,760
5612B,SEVILLA,LA RODA DE ANDALUCÍA,37.849999999999994,-4.966666666666667,410
5641X,SEVILLA,ÉCIJA,38.46666666666667,-5.183333333333333,130
5704B,SEVILLA,CAZALLA DE LA SIERRA,38.5,-5.95,550
5783,SEVILLA,SEVILLA AEROPUERTO,37.416666666666664,-6.616666666666667,34
5796,SEVILLA,MORÓN DE LA FRONTERA,38.016666666666666,-6.283333333333333,87
5860E,HUELVA,"MOGUER, EL ARENOSILLO",37.96666666666667,-7.016666666666667,41
5910,CADIZ,"ROTA, BASE NAVAL",36.96666666666667,-7.266666666666667,21
5911A,CADIZ,GRAZALEMA,37.38333333333333,-5.816666666666666,913
5960,CADIZ,JEREZ DE LA FRONTERA AEROPUERTO,36.78333333333333,-6.3999999999999995,27
5972X,CADIZ,SAN FERNANDO,37.38333333333333,-6.533333333333333,28
5973,CADIZ,CÁDIZ,37.46666666666667,-6.716666666666667,2
5995B,CADIZ,VEJER DE LA FRONTERA,36.96666666666667,-6.8500000000000005,186
6000A,MELILLA,MELILLA,35.85,-3.3333333333333335,52
6001,CADIZ,TARIFA,36.833333333333336,-6.516666666666667,32
6032B,MALAGA,RONDA,37.71666666666667,-5.266666666666667,766
6058I,MALAGA,ESTEPONA,36.43333333333333,-5.45,19
6084X,MALAGA,FUENGIROLA,36.85,-4.716666666666667,8
6106X,MALAGA,ANTEQUERA,37.78333333333333,-5.633333333333334,408
6155A,MALAGA,MÁLAGA AEROPUERTO,37.61666666666667,-5.4,6
6156X,MALAGA,"MÁLAGA, CENTRO METEOROLÓGICO",36.78333333333334,-5.366666666666667,54
6172O,MALAGA,"MÁLAGA, PUERTO",36.71666666666667,-4.6000000000000005,25
6205X,MALAGA,TORROX,37.300000000000004,-4.383333333333334,3
6268X,GRANADA,MOTRIL,37.083333333333336,-4.333333333333333,12
6277B,ALMERIA,ADRA,37.56666666666667,-3.25,8
6293X,ALMERIA,ROQUETAS DE MAR,36.9,-2.8000000000000003,3
6297,ALMERIA,ALMERÍA,37.68333333333334,-2.7833333333333337,7
6302A,ALMERIA,ABLA,37.61666666666667,-3.5666666666666664,869
6325O,ALMERIA,ALMERÍA AEROPUERTO,37.61666666666667,-2.7666666666666666,21
6332X,ALMERIA,CARBONERAS,37.78333333333334,-2.1166666666666667,16
6367B,ALMERIA,HUÉRCAL-OVERA,37.81666666666666,-2.55,300
6381,ALMERIA,ALBORÁN,36.23333333333333,-3.1999999999999997,15
7002Y,MURCIA,ÁGUILAS,37.449999999999996,-1.8000000000000003,26
7012C,MURCIA,CARTAGENA,37.66666666666667,-1.25,17
7031,MURCIA,SAN JAVIER AEROPUERTO,38.11666666666667,-1.0,4
7031X,MURCIA,SAN JAVIER AEROPUERTO,38.46666666666667,-1.15,4
7096B,ALBACETE,HELLÍN,39.05,-1.8833333333333333,605
7119B,MURCIA,CARAVACA DE LA CRUZ,38.25,-2.5,643
7145D,MURCIA,CIEZA,39.18333333333334,-2.2,265
7178I,MURCIA,MURCIA,38.11666666666667,-1.4166666666666667,62
7209,MURCIA,LORCA,37.93333333333333,-1.9166666666666667,312
7228,MURCIA,"ALCANTARILLA, BASE AÉREA",38.41666666666667,-1.9333333333333336,75
7247X,ALICANTE,EL PINÓS/PINOSO,39.36666666666667,-1.3166666666666669,575
7275C,MURCIA,YECLA,38.7,-1.7333333333333334,640
8019,ALICANTE,ALICANTE-ELCHE AEROPUERTO,39.233333333333334,-0.8166666666666667,43
8025,ALICANTE,ALACANT/ALICANTE,38.71666666666667,-1.1333333333333333,81
8050X,ALICANTE,JÁVEA/ XÀBIA,38.8,0.23333333333333334,15
8058X,VALENCIA,OLIVA,39.65,-0.8333333333333334,5
8096,CUENCA,CUENCA,40.1,-3.033333333333333,949
8175,ALBACETE,ALBACETE BASE AÉREA,39.2,-2.2333333333333334,702
8177A,ALBACETE,CHINCHILLA,39.08333333333333,-2.25,880
8178D,ALBACETE,ALBACETE,39.35,-2.6166666666666667,674
8293X,VALENCIA,XÀTIVA,39.1,-0.9333333333333333,88
8309X,VALENCIA,UTIEL,40.1,-1.9166666666666667,758
8325X,VALENCIA,POLINYÀ DE XÚQUER,39.266666666666666,-0.6833333333333333,12
8368U,TERUEL,TERUEL,40.38333333333333,-1.5666666666666667,902
8414A,VALENCIA,VALENCIA AEROPUERTO,39.583333333333336,-0.95,56
8416,VALENCIA,VALÈNCIA,40.300000000000004,-1.3333333333333333,11
8416Y,VALENCIA,"VALÈNCIA, VIVEROS",40.300000000000004,-1.3333333333333333,11
8489X,CASTELLON,VILLAFRANCA DEL CID/VILLAFRANCA,40.43333333333333,-0.6,1131
8500A,CASTELLON,CASTELLÓ - ALMASSORA,40.38333333333333,-0.3833333333333333,43
8501,CASTELLON,CASTELLÓ DE LA PLANA,40.333333333333336,-0.9500000000000001,23
8523X,CASTELLON,VINARÒS,40.8,1.2,111
9001D,CANTABRIA,REINOSA,43.5,-4.783333333333333,870
9019B,CANTABRIA,"VALDERREDIBLE, POLIENTES   ",43.18333333333333,-3.966666666666667,720
9051,BURGOS,MEDINA DE POMAR,43.11666666666667,-4.433333333333334,580
9087,ARABA/ALAVA,VITORIA AERÓDROMO,43.81666666666667,-3.0166666666666666,521
9091O,ARABA/ALAVA,FORONDA-TXOKIZA,43.78333333333333,-2.8333333333333335,513
9091R,ARABA/ALAVA,VITORIA-GASTEIZ AEROPUERTO,43.18333333333334,-3.6833333333333336,513
9111,BURGOS,BELORADO,42.68333333333333,-3.3833333333333333,820
9170,LA RIOJA,"LOGROÑO, AEROPUERTO",42.583333333333336,-3.183333333333333,353
9201K,HUESCA,JACA,43.300000000000004,-1.35,823
9208E,HUESCA,ARAGÜÉS DEL PUERTO,43.21666666666667,-1.0333333333333332,1025
9244X,ZARAGOZA,SOS DEL REY CATÓLICO,42.93333333333334,-2.0166666666666666,626
9262,NAVARRA,PAMPLONA,42.88333333333334,-1.9333333333333333,450
9263D,NAVARRA,"PAMPLONA, AEROPUERTO",43.38333333333333,-1.65,459
9263X,NAVARRA,"ARANGUREN, ILUNDAIN  ",43.333333333333336,-2.466666666666667,572
9283X,NAVARRA,CADREITA,42.61666666666667,-2.3833333333333333,268
9294E,NAVARRA,"BARDENAS REALES, BASE AÉREA",43.099999999999994,-1.9833333333333334,295
9381,TERUEL,"CALAMOCHA, AERÓDROMO",41.75,-1.6,932
9381I,TERUEL,CALAMOCHA,41.483333333333334,-1.8833333333333333,884
9390,ZARAGOZA,DAROCA,41.96666666666667,-2.0,779
9394X,ZARAGOZA,CALATAYUD,42.18333333333334,-2.35,582
9434,ZARAGOZA,"ZARAGOZA, AEROPUERTO",42.28333333333333,-1.25,249
9434P,ZARAGOZA,"ZARAGOZA, VALDESPARTERA",41.88333333333333,-1.0166666666666666,258
9563X,CASTELLON,CASTELLFORT,41.4,-0.3833333333333333,1220
9569A,TERUEL,CALANDA,41.73333333333333,-0.5,466
9573X,TERUEL,ALCAÑIZ,41.53333333333333,-0.6333333333333333,334
9576C,ZARAGOZA,BUJARALOZ,41.86666666666667,-0.6333333333333333,357
9585,GIRONA,LA MOLINA,43.26666666666667,2.3,1699
9619,LLEIDA,LA SEU D'URGELL,42.63333333333333,2.2333333333333334,677
9698U,LLEIDA,TALARN,42.51666666666667,1.7666666666666666,807
9720X,LLEIDA,TÀRREGA,41.68333333333333,2.1,388
9771,LLEIDA,"LLEIDA, OBSERVATORIO",41.65,0.8833333333333333,199
9771C,LLEIDA,LLEIDA,42.18333333333334,1.4666666666666668,186
9784P,HUESCA,BIELSA,43.416666666666664,0.7,992
9814A,HUESCA,TORLA,43.21666666666667,-0.7999999999999999,1020
9898,HUESCA,"HUESCA, AEROPUERTO",42.150000000000006,-0.85,546
9981A,TARRAGONA,ESTACIÓN DE TORTOSA (ROQUETES),41.03333333333334,1.0833333333333333,50
9987P,TARRAGONA,SANT JAUME D'ENVEJA,41.63333333333333,1.4,1
9990X,LLEIDA,"NAUT ARAN, ARTIES ",42.71666666666667,1.4833333333333334,1161
