,lags,params,custom_metric,n_estimators,max_depth,learning_rate,subsample,colsample_bytree,gamma,reg_alpha,reg_lambda
93,[1 2 3 4 5 6 7],"{'n_estimators': 1100, 'max_depth': 3, 'learning_rate': 0.20291204708606012, 'subsample': 0.6628938602723701, 'colsample_bytree': 0.5494707607480355, 'gamma': 0.2902283042926683, 'reg_alpha': 0.9912709073661334, 'reg_lambda': 0.4596184315943028}",59.40096935606355,1100.0,3.0,0.20291204708606012,0.6628938602723701,0.5494707607480355,0.2902283042926683,0.9912709073661334,0.4596184315943028
14,[1 2 3 4 5 6 7],"{'n_estimators': 500, 'max_depth': 3, 'learning_rate': 0.2357168617955952, 'subsample': 0.5000668543349766, 'colsample_bytree': 0.8308978922857104, 'gamma': 0.28605815118616695, 'reg_alpha': 0.7991732407666287, 'reg_lambda': 0.8126908979156179}",61.06091712030249,500.0,3.0,0.2357168617955952,0.5000668543349766,0.8308978922857104,0.28605815118616695,0.7991732407666287,0.8126908979156179
23,[1 2 3 4 5 6 7],"{'n_estimators': 400, 'max_depth': 9, 'learning_rate': 0.3355500767772276, 'subsample': 0.49838816943806263, 'colsample_bytree': 0.9007753226256588, 'gamma': 0.6668164479442578, 'reg_alpha': 0.9549822043919435, 'reg_lambda': 0.48229629371769056}",61.80976641624377,400.0,9.0,0.3355500767772276,0.49838816943806263,0.9007753226256588,0.6668164479442578,0.9549822043919435,0.48229629371769056
61,[1 2 3 4 5 6 7],"{'n_estimators': 1100, 'max_depth': 3, 'learning_rate': 0.197744184535645, 'subsample': 0.678027118409255, 'colsample_bytree': 0.5518331336447748, 'gamma': 0.1551305733192172, 'reg_alpha': 0.7274693561587857, 'reg_lambda': 0.5287225629196572}",62.87820388842122,1100.0,3.0,0.197744184535645,0.678027118409255,0.5518331336447748,0.1551305733192172,0.7274693561587857,0.5287225629196572
178,[1 2 3 4 5 6 7],"{'n_estimators': 1200, 'max_depth': 3, 'learning_rate': 0.2011892606934021, 'subsample': 0.6711452596839623, 'colsample_bytree': 0.5696339431772318, 'gamma': 0.49490872258721263, 'reg_alpha': 0.7338993482741762, 'reg_lambda': 0.49725234735556434}",63.87848120222186,1200.0,3.0,0.2011892606934021,0.6711452596839623,0.5696339431772318,0.49490872258721263,0.7338993482741762,0.49725234735556434
52,[1 2 3 4 5 6 7],"{'n_estimators': 1100, 'max_depth': 3, 'learning_rate': 0.20213346437170243, 'subsample': 0.6765425316236963, 'colsample_bytree': 0.5655519941365558, 'gamma': 0.13597673057054538, 'reg_alpha': 0.805952115185581, 'reg_lambda': 0.5229058171529888}",64.54895689461296,1100.0,3.0,0.20213346437170243,0.6765425316236963,0.5655519941365558,0.13597673057054538,0.805952115185581,0.5229058171529888
95,[1 2 3 4 5 6 7],"{'n_estimators': 1200, 'max_depth': 3, 'learning_rate': 0.2221171693476519, 'subsample': 0.7322787448833195, 'colsample_bytree': 0.509982269547612, 'gamma': 0.13830093626441417, 'reg_alpha': 0.947037243760611, 'reg_lambda': 0.3995993025696711}",64.58803407989946,1200.0,3.0,0.2221171693476519,0.7322787448833195,0.509982269547612,0.13830093626441417,0.947037243760611,0.3995993025696711
111,[1 2 3 4 5 6 7],"{'n_estimators': 1200, 'max_depth': 3, 'learning_rate': 0.2628975772498356, 'subsample': 0.6195262340206851, 'colsample_bytree': 0.5678043407295873, 'gamma': 0.11559492333417382, 'reg_alpha': 0.8838478556896384, 'reg_lambda': 0.4914344527794596}",64.78389087195772,1200.0,3.0,0.2628975772498356,0.6195262340206851,0.5678043407295873,0.11559492333417382,0.8838478556896384,0.4914344527794596
127,[1 2 3 4 5 6 7],"{'n_estimators': 1100, 'max_depth': 3, 'learning_rate': 0.29038587730970256, 'subsample': 0.6627788858179703, 'colsample_bytree': 0.585776754139169, 'gamma': 0.2820851060236947, 'reg_alpha': 0.7656452035057154, 'reg_lambda': 0.5267776223873928}",64.79884668933552,1100.0,3.0,0.29038587730970256,0.6627788858179703,0.585776754139169,0.2820851060236947,0.7656452035057154,0.5267776223873928
98,[1 2 3 4 5 6 7],"{'n_estimators': 1100, 'max_depth': 3, 'learning_rate': 0.2345372084770818, 'subsample': 0.7317967899024282, 'colsample_bytree': 0.5488422886684312, 'gamma': 0.3012553619345745, 'reg_alpha': 0.9409433603334977, 'reg_lambda': 0.39367777759629036}",64.93203841225943,1100.0,3.0,0.2345372084770818,0.7317967899024282,0.5488422886684312,0.3012553619345745,0.9409433603334977,0.39367777759629036
196,[1 2 3 4 5 6 7],"{'n_estimators': 1100, 'max_depth': 3, 'learning_rate': 0.25747827381169947, 'subsample': 0.6968991658591056, 'colsample_bytree': 0.5813905118710355, 'gamma': 0.18112147798060052, 'reg_alpha': 0.6100613173079178, 'reg_lambda': 0.47590375117655265}",65.24217255998047,1100.0,3.0,0.25747827381169947,0.6968991658591056,0.5813905118710355,0.18112147798060052,0.6100613173079178,0.47590375117655265
121,[1 2 3 4 5 6 7],"{'n_estimators': 1200, 'max_depth': 3, 'learning_rate': 0.24688816658745863, 'subsample': 0.6456060352128087, 'colsample_bytree': 0.5862230775668267, 'gamma': 0.15242018391924753, 'reg_alpha': 0.7855633987255096, 'reg_lambda': 0.4759344314175937}",65.2442143296648,1200.0,3.0,0.24688816658745863,0.6456060352128087,0.5862230775668267,0.15242018391924753,0.7855633987255096,0.4759344314175937
171,[1 2 3 4 5 6 7],"{'n_estimators': 1200, 'max_depth': 3, 'learning_rate': 0.20412483147436047, 'subsample': 0.6127195125391547, 'colsample_bytree': 0.605416763348387, 'gamma': 0.2964384932962301, 'reg_alpha': 0.7797840612847615, 'reg_lambda': 0.43809940850430773}",65.43674156489193,1200.0,3.0,0.20412483147436047,0.6127195125391547,0.605416763348387,0.2964384932962301,0.7797840612847615,0.43809940850430773
145,[1 2 3 4 5 6 7],"{'n_estimators': 1200, 'max_depth': 3, 'learning_rate': 0.2659371516802108, 'subsample': 0.6014644084370729, 'colsample_bytree': 0.5088535027674869, 'gamma': 0.22821472545506563, 'reg_alpha': 0.7275202899368497, 'reg_lambda': 0.5181922825745902}",65.73336628902742,1200.0,3.0,0.2659371516802108,0.6014644084370729,0.5088535027674869,0.22821472545506563,0.7275202899368497,0.5181922825745902
161,[1 2 3 4 5 6 7],"{'n_estimators': 1200, 'max_depth': 3, 'learning_rate': 0.251553412331667, 'subsample': 0.6357378464427361, 'colsample_bytree': 0.5798761388361681, 'gamma': 0.34898958618342457, 'reg_alpha': 0.7574676139994737, 'reg_lambda': 0.4729513805809929}",65.98289000988414,1200.0,3.0,0.251553412331667,0.6357378464427361,0.5798761388361681,0.34898958618342457,0.7574676139994737,0.4729513805809929
91,[1 2 3 4 5 6 7],"{'n_estimators': 1100, 'max_depth': 3, 'learning_rate': 0.22406383308867042, 'subsample': 0.6591864479653833, 'colsample_bytree': 0.5728753998152076, 'gamma': 0.2422232710511294, 'reg_alpha': 0.9678590152209445, 'reg_lambda': 0.45141338622554494}",66.30499022895756,1100.0,3.0,0.22406383308867042,0.6591864479653833,0.5728753998152076,0.2422232710511294,0.9678590152209445,0.45141338622554494
46,[1 2 3 4 5 6 7],"{'n_estimators': 1100, 'max_depth': 3, 'learning_rate': 0.2054124702792307, 'subsample': 0.5767584226119558, 'colsample_bytree': 0.6427255172002846, 'gamma': 0.5608578116932675, 'reg_alpha': 0.6145595885018693, 'reg_lambda': 0.5707887326292196}",66.46358720895192,1100.0,3.0,0.2054124702792307,0.5767584226119558,0.6427255172002846,0.5608578116932675,0.6145595885018693,0.5707887326292196
49,[1 2 3 4 5 6 7],"{'n_estimators': 1200, 'max_depth': 3, 'learning_rate': 0.19366696053888025, 'subsample': 0.6325487446740277, 'colsample_bytree': 0.55020476495988, 'gamma': 0.11281431569401115, 'reg_alpha': 0.7356098666954181, 'reg_lambda': 0.4866301168392558}",67.03963022939335,1200.0,3.0,0.19366696053888025,0.6325487446740277,0.55020476495988,0.11281431569401115,0.7356098666954181,0.4866301168392558
152,[1 2 3 4 5 6 7],"{'n_estimators': 1200, 'max_depth': 3, 'learning_rate': 0.2542170710358034, 'subsample': 0.6071534745507606, 'colsample_bytree': 0.586564470174272, 'gamma': 0.5570915424112457, 'reg_alpha': 0.6953462267351992, 'reg_lambda': 0.44456046543399297}",67.25518451685834,1200.0,3.0,0.2542170710358034,0.6071534745507606,0.586564470174272,0.5570915424112457,0.6953462267351992,0.44456046543399297
194,[1 2 3 4 5 6 7],"{'n_estimators': 1200, 'max_depth': 3, 'learning_rate': 0.22063074636718455, 'subsample': 0.6644554037277643, 'colsample_bytree': 0.5829628120459408, 'gamma': 0.22611663378550284, 'reg_alpha': 0.707230403230948, 'reg_lambda': 0.4876543989696818}",67.46930730899102,1200.0,3.0,0.22063074636718455,0.6644554037277643,0.5829628120459408,0.22611663378550284,0.707230403230948,0.4876543989696818
81,[1 2 3 4 5 6 7],"{'n_estimators': 1100, 'max_depth': 3, 'learning_rate': 0.23209948873187772, 'subsample': 0.6643956126857601, 'colsample_bytree': 0.5693146176301647, 'gamma': 0.24328601808486125, 'reg_alpha': 0.9587211947881878, 'reg_lambda': 0.42406213398183856}",67.64084464937564,1100.0,3.0,0.23209948873187772,0.6643956126857601,0.5693146176301647,0.24328601808486125,0.9587211947881878,0.42406213398183856
169,[1 2 3 4 5 6 7],"{'n_estimators': 1200, 'max_depth': 3, 'learning_rate': 0.2066714516896535, 'subsample': 0.6117691869858646, 'colsample_bytree': 0.6057497495683962, 'gamma': 0.28931238922787517, 'reg_alpha': 0.7828929598385699, 'reg_lambda': 0.44585039602808807}",67.83851693181454,1200.0,3.0,0.2066714516896535,0.6117691869858646,0.6057497495683962,0.28931238922787517,0.7828929598385699,0.44585039602808807
172,[1 2 3 4 5 6 7],"{'n_estimators': 1200, 'max_depth': 3, 'learning_rate': 0.19651385541129407, 'subsample': 0.6280803460155031, 'colsample_bytree': 0.5704872073689387, 'gamma': 0.33025133435826265, 'reg_alpha': 0.799842937328295, 'reg_lambda': 0.46360378774711614}",68.31406607989209,1200.0,3.0,0.19651385541129407,0.6280803460155031,0.5704872073689387,0.33025133435826265,0.799842937328295,0.46360378774711614
48,[1 2 3 4 5 6 7],"{'n_estimators': 1200, 'max_depth': 3, 'learning_rate': 0.24821018323291094, 'subsample': 0.6326184642115161, 'colsample_bytree': 0.5711053138068967, 'gamma': 0.14501795389796385, 'reg_alpha': 0.7424267417604431, 'reg_lambda': 0.48611816296268673}",68.35053429636336,1200.0,3.0,0.24821018323291094,0.6326184642115161,0.5711053138068967,0.14501795389796385,0.7424267417604431,0.48611816296268673
65,[1 2 3 4 5 6 7],"{'n_estimators': 1100, 'max_depth': 3, 'learning_rate': 0.18399090678563754, 'subsample': 0.5343664196102332, 'colsample_bytree': 0.6783907842308152, 'gamma': 0.2289393235917955, 'reg_alpha': 0.6607169032983098, 'reg_lambda': 0.6229911246203689}",68.57365261551507,1100.0,3.0,0.18399090678563754,0.5343664196102332,0.6783907842308152,0.2289393235917955,0.6607169032983098,0.6229911246203689
191,[1 2 3 4 5 6 7],"{'n_estimators': 1200, 'max_depth': 3, 'learning_rate': 0.21235007726806088, 'subsample': 0.6142362838214963, 'colsample_bytree': 0.6040719992984754, 'gamma': 0.2923866872746035, 'reg_alpha': 0.7753631132712588, 'reg_lambda': 0.4450882633022994}",68.96271964590966,1200.0,3.0,0.21235007726806088,0.6142362838214963,0.6040719992984754,0.2923866872746035,0.7753631132712588,0.4450882633022994
68,[1 2 3 4 5 6 7],"{'n_estimators': 1100, 'max_depth': 3, 'learning_rate': 0.2279455516532622, 'subsample': 0.6569789227544691, 'colsample_bytree': 0.5587525523823198, 'gamma': 0.2333259837364145, 'reg_alpha': 0.9622652481789506, 'reg_lambda': 0.44159701024523657}",68.96383497173012,1100.0,3.0,0.2279455516532622,0.6569789227544691,0.5587525523823198,0.2333259837364145,0.9622652481789506,0.44159701024523657
123,[1 2 3 4 5 6 7],"{'n_estimators': 1200, 'max_depth': 3, 'learning_rate': 0.2445168516632576, 'subsample': 0.674639879385193, 'colsample_bytree': 0.5099194257098044, 'gamma': 0.2030670494878375, 'reg_alpha': 0.8104126424279767, 'reg_lambda': 0.5575766483700386}",69.01223789093396,1200.0,3.0,0.2445168516632576,0.674639879385193,0.5099194257098044,0.2030670494878375,0.8104126424279767,0.5575766483700386
142,[1 2 3 4 5 6 7],"{'n_estimators': 1200, 'max_depth': 3, 'learning_rate': 0.2151533063785176, 'subsample': 0.636621646347304, 'colsample_bytree': 0.5400695283151199, 'gamma': 0.18687586459832384, 'reg_alpha': 0.7722787592240977, 'reg_lambda': 0.4251586170247096}",69.43517241806671,1200.0,3.0,0.2151533063785176,0.636621646347304,0.5400695283151199,0.18687586459832384,0.7722787592240977,0.4251586170247096
69,[1 2 3 4 5 6 7],"{'n_estimators': 1200, 'max_depth': 8, 'learning_rate': 0.2664879302881225, 'subsample': 0.5246363001165717, 'colsample_bytree': 0.5941745626231173, 'gamma': 0.1550744324825468, 'reg_alpha': 0.7816997232542866, 'reg_lambda': 0.4829950365968573}",69.4715784341881,1200.0,8.0,0.2664879302881225,0.5246363001165717,0.5941745626231173,0.1550744324825468,0.7816997232542866,0.4829950365968573
143,[1 2 3 4 5 6 7],"{'n_estimators': 1200, 'max_depth': 3, 'learning_rate': 0.29145936673790285, 'subsample': 0.6627426666362585, 'colsample_bytree': 0.5735692680931201, 'gamma': 0.12352288482195255, 'reg_alpha': 0.744160571033657, 'reg_lambda': 0.495386177814004}",69.6062822838431,1200.0,3.0,0.29145936673790285,0.6627426666362585,0.5735692680931201,0.12352288482195255,0.744160571033657,0.495386177814004
183,[1 2 3 4 5 6 7],"{'n_estimators': 1100, 'max_depth': 3, 'learning_rate': 0.17742093568770187, 'subsample': 0.6231004920227541, 'colsample_bytree': 0.5867407964648488, 'gamma': 0.5349744536477608, 'reg_alpha': 0.7187341816124774, 'reg_lambda': 0.4476344973076262}",69.6901891638226,1100.0,3.0,0.17742093568770187,0.6231004920227541,0.5867407964648488,0.5349744536477608,0.7187341816124774,0.4476344973076262
51,[1 2 3 4 5 6 7],"{'n_estimators': 1100, 'max_depth': 3, 'learning_rate': 0.19559604522599217, 'subsample': 0.6747782998374867, 'colsample_bytree': 0.5530190581336716, 'gamma': 0.1341746156348162, 'reg_alpha': 0.7462518872477688, 'reg_lambda': 0.5259098739162392}",69.73095024172326,1100.0,3.0,0.19559604522599217,0.6747782998374867,0.5530190581336716,0.1341746156348162,0.7462518872477688,0.5259098739162392
131,[1 2 3 4 5 6 7],"{'n_estimators': 1100, 'max_depth': 3, 'learning_rate': 0.23536414399252162, 'subsample': 0.6665642690577874, 'colsample_bytree': 0.579395321202154, 'gamma': 0.21219505354576065, 'reg_alpha': 0.7262496234531708, 'reg_lambda': 0.7980717773125984}",69.78164907346677,1100.0,3.0,0.23536414399252162,0.6665642690577874,0.579395321202154,0.21219505354576065,0.7262496234531708,0.7980717773125984
186,[1 2 3 4 5 6 7],"{'n_estimators': 1100, 'max_depth': 3, 'learning_rate': 0.21632518010404833, 'subsample': 0.7517222691980141, 'colsample_bytree': 0.5334971174659177, 'gamma': 0.49586240730986103, 'reg_alpha': 0.7938161441379419, 'reg_lambda': 0.39211805945444833}",69.8220119492228,1100.0,3.0,0.21632518010404833,0.7517222691980141,0.5334971174659177,0.49586240730986103,0.7938161441379419,0.39211805945444833
156,[1 2 3 4 5 6 7],"{'n_estimators': 1200, 'max_depth': 3, 'learning_rate': 0.2225847898097215, 'subsample': 0.6215180587868298, 'colsample_bytree': 0.6131062006031965, 'gamma': 0.566222064083657, 'reg_alpha': 0.6635681803463566, 'reg_lambda': 0.4175177388140912}",70.17717863364926,1200.0,3.0,0.2225847898097215,0.6215180587868298,0.6131062006031965,0.566222064083657,0.6635681803463566,0.4175177388140912
193,[1 2 3 4 5 6 7],"{'n_estimators': 1200, 'max_depth': 3, 'learning_rate': 0.20573710571175458, 'subsample': 0.5834833671348124, 'colsample_bytree': 0.5461283631357354, 'gamma': 0.35065785625432894, 'reg_alpha': 0.7804686024931945, 'reg_lambda': 0.4089778093454533}",70.546960943094,1200.0,3.0,0.20573710571175458,0.5834833671348124,0.5461283631357354,0.35065785625432894,0.7804686024931945,0.4089778093454533
40,[1 2 3 4 5 6 7],"{'n_estimators': 800, 'max_depth': 3, 'learning_rate': 0.17583895014828424, 'subsample': 0.4735749831149838, 'colsample_bytree': 0.7130104720697348, 'gamma': 0.5539549359613963, 'reg_alpha': 0.6080602089973476, 'reg_lambda': 0.5677076112377755}",71.15379190084354,800.0,3.0,0.17583895014828424,0.4735749831149838,0.7130104720697348,0.5539549359613963,0.6080602089973476,0.5677076112377755
190,[1 2 3 4 5 6 7],"{'n_estimators': 1200, 'max_depth': 3, 'learning_rate': 0.2011239773130541, 'subsample': 0.6105186025974076, 'colsample_bytree': 0.601354902155932, 'gamma': 0.6543670927243629, 'reg_alpha': 0.7535142472497312, 'reg_lambda': 0.466108527197073}",71.17799356846842,1200.0,3.0,0.2011239773130541,0.6105186025974076,0.601354902155932,0.6543670927243629,0.7535142472497312,0.466108527197073
122,[1 2 3 4 5 6 7],"{'n_estimators': 1200, 'max_depth': 3, 'learning_rate': 0.2715243568357518, 'subsample': 0.6308767947731229, 'colsample_bytree': 0.5813281746660601, 'gamma': 0.1515941856385016, 'reg_alpha': 0.7832880008595645, 'reg_lambda': 0.45983863261947433}",71.23020967119292,1200.0,3.0,0.2715243568357518,0.6308767947731229,0.5813281746660601,0.1515941856385016,0.7832880008595645,0.45983863261947433
164,[1 2 3 4 5 6 7],"{'n_estimators': 1200, 'max_depth': 3, 'learning_rate': 0.27256849294902025, 'subsample': 0.6661499527501007, 'colsample_bytree': 0.5378170356661451, 'gamma': 0.3437894971092601, 'reg_alpha': 0.7633803440846373, 'reg_lambda': 0.5447878396761948}",71.39619092704493,1200.0,3.0,0.27256849294902025,0.6661499527501007,0.5378170356661451,0.3437894971092601,0.7633803440846373,0.5447878396761948
189,[1 2 3 4 5 6 7],"{'n_estimators': 1100, 'max_depth': 3, 'learning_rate': 0.24407575980832633, 'subsample': 0.709125457900287, 'colsample_bytree': 0.5706523923940353, 'gamma': 0.11474578911596589, 'reg_alpha': 0.9245399569707253, 'reg_lambda': 0.5273967353972036}",71.4031736535112,1100.0,3.0,0.24407575980832633,0.709125457900287,0.5706523923940353,0.11474578911596589,0.9245399569707253,0.5273967353972036
2,[1 2 3 4 5 6 7],"{'n_estimators': 500, 'max_depth': 4, 'learning_rate': 0.2704601731825008, 'subsample': 0.5786448283871795, 'colsample_bytree': 0.6709608626961889, 'gamma': 0.8494317940777896, 'reg_alpha': 0.7244553248606352, 'reg_lambda': 0.6110235106775829}",71.94236081106085,500.0,4.0,0.2704601731825008,0.5786448283871795,0.6709608626961889,0.8494317940777896,0.7244553248606352,0.6110235106775829
78,[1 2 3 4 5 6 7],"{'n_estimators': 1200, 'max_depth': 3, 'learning_rate': 0.21685983201883155, 'subsample': 0.46378444963322385, 'colsample_bytree': 0.5330909307955015, 'gamma': 0.2779985106488361, 'reg_alpha': 0.7648365815109817, 'reg_lambda': 0.5593729765012032}",72.06780729523969,1200.0,3.0,0.21685983201883155,0.46378444963322385,0.5330909307955015,0.2779985106488361,0.7648365815109817,0.5593729765012032
92,[1 2 3 4 5 6 7],"{'n_estimators': 1100, 'max_depth': 3, 'learning_rate': 0.25293002247315977, 'subsample': 0.6173168303552565, 'colsample_bytree': 0.5762130608699337, 'gamma': 0.20136217568135367, 'reg_alpha': 0.9727090358773053, 'reg_lambda': 0.48865286326681495}",72.26216810236879,1100.0,3.0,0.25293002247315977,0.6173168303552565,0.5762130608699337,0.20136217568135367,0.9727090358773053,0.48865286326681495
107,[1 2 3 4 5 6 7],"{'n_estimators': 1100, 'max_depth': 3, 'learning_rate': 0.22193561369009412, 'subsample': 0.6919540549459174, 'colsample_bytree': 0.555107001407882, 'gamma': 0.13548951013030663, 'reg_alpha': 0.8599093573566993, 'reg_lambda': 0.3284997813467456}",72.30652263967116,1100.0,3.0,0.22193561369009412,0.6919540549459174,0.555107001407882,0.13548951013030663,0.8599093573566993,0.3284997813467456
181,[1 2 3 4 5 6 7],"{'n_estimators': 1200, 'max_depth': 3, 'learning_rate': 0.16899945640173641, 'subsample': 0.6709359384651231, 'colsample_bytree': 0.5744612957185697, 'gamma': 0.4790085015466709, 'reg_alpha': 0.5420785808869479, 'reg_lambda': 0.6369077034906752}",72.32309935063647,1200.0,3.0,0.16899945640173641,0.6709359384651231,0.5744612957185697,0.4790085015466709,0.5420785808869479,0.6369077034906752
108,[1 2 3 4 5 6 7],"{'n_estimators': 400, 'max_depth': 4, 'learning_rate': 0.17681638728892854, 'subsample': 0.6646705135003573, 'colsample_bytree': 0.6208524527662934, 'gamma': 0.05564723088821259, 'reg_alpha': 0.9013796904915378, 'reg_lambda': 0.4628274901400863}",72.4170134983721,400.0,4.0,0.17681638728892854,0.6646705135003573,0.6208524527662934,0.05564723088821259,0.9013796904915378,0.4628274901400863
62,[1 2 3 4 5 6 7],"{'n_estimators': 1100, 'max_depth': 3, 'learning_rate': 0.21301444168470896, 'subsample': 0.6002990492686722, 'colsample_bytree': 0.6335524870251926, 'gamma': 0.17982349682451898, 'reg_alpha': 0.7125309015191155, 'reg_lambda': 0.4701505231820003}",72.82243814217323,1100.0,3.0,0.21301444168470896,0.6002990492686722,0.6335524870251926,0.17982349682451898,0.7125309015191155,0.4701505231820003
174,[1 2 3 4 5 6 7],"{'n_estimators': 1200, 'max_depth': 7, 'learning_rate': 0.23252870514804988, 'subsample': 0.570209291833982, 'colsample_bytree': 0.5892806478706804, 'gamma': 0.3578662870926602, 'reg_alpha': 0.7752939484864724, 'reg_lambda': 0.4792815313048665}",72.88986521307667,1200.0,7.0,0.23252870514804988,0.570209291833982,0.5892806478706804,0.3578662870926602,0.7752939484864724,0.4792815313048665
63,[1 2 3 4 5 6 7],"{'n_estimators': 1200, 'max_depth': 3, 'learning_rate': 0.2301170753442906, 'subsample': 0.653545081026418, 'colsample_bytree': 0.5404111704005045, 'gamma': 0.1572698529345837, 'reg_alpha': 0.7655214200568495, 'reg_lambda': 0.4194723934448735}",72.98367101750507,1200.0,3.0,0.2301170753442906,0.653545081026418,0.5404111704005045,0.1572698529345837,0.7655214200568495,0.4194723934448735
41,[1 2 3 4 5 6 7],"{'n_estimators': 800, 'max_depth': 3, 'learning_rate': 0.1583294728659097, 'subsample': 0.48729819219494164, 'colsample_bytree': 0.7274409666829547, 'gamma': 0.5660091337261217, 'reg_alpha': 0.5787865690878711, 'reg_lambda': 0.655008659149001}",73.5597930170407,800.0,3.0,0.1583294728659097,0.48729819219494164,0.7274409666829547,0.5660091337261217,0.5787865690878711,0.655008659149001
20,[1 2 3 4 5 6 7],"{'n_estimators': 400, 'max_depth': 7, 'learning_rate': 0.36333154961454694, 'subsample': 0.45833950224690423, 'colsample_bytree': 0.8218612566322513, 'gamma': 0.5053489263854287, 'reg_alpha': 0.863505216445311, 'reg_lambda': 0.4351706569553101}",73.61952096429005,400.0,7.0,0.36333154961454694,0.45833950224690423,0.8218612566322513,0.5053489263854287,0.863505216445311,0.4351706569553101
18,[1 2 3 4 5 6 7],"{'n_estimators': 500, 'max_depth': 10, 'learning_rate': 0.4605698859127503, 'subsample': 0.5549822405729603, 'colsample_bytree': 0.7154524014549798, 'gamma': 0.984631840076218, 'reg_alpha': 0.9178070884218174, 'reg_lambda': 0.8321340795145723}",73.63680700221735,500.0,10.0,0.4605698859127503,0.5549822405729603,0.7154524014549798,0.984631840076218,0.9178070884218174,0.8321340795145723
106,[1 2 3 4 5 6 7],"{'n_estimators': 1200, 'max_depth': 3, 'learning_rate': 0.2059198457376941, 'subsample': 0.7092018070770385, 'colsample_bytree': 0.4965135164756445, 'gamma': 0.16890137836994246, 'reg_alpha': 0.8776498291268829, 'reg_lambda': 0.5249013126619515}",73.8666132518521,1200.0,3.0,0.2059198457376941,0.7092018070770385,0.4965135164756445,0.16890137836994246,0.8776498291268829,0.5249013126619515
5,[1 2 3 4 5 6 7],"{'n_estimators': 900, 'max_depth': 3, 'learning_rate': 0.16546988609195726, 'subsample': 0.4733435907582686, 'colsample_bytree': 0.8796782420950293, 'gamma': 0.2504553653965067, 'reg_alpha': 0.48303426426270435, 'reg_lambda': 0.985559785610705}",73.87071498930081,900.0,3.0,0.16546988609195726,0.4733435907582686,0.8796782420950293,0.2504553653965067,0.48303426426270435,0.985559785610705
119,[1 2 3 4 5 6 7],"{'n_estimators': 1200, 'max_depth': 3, 'learning_rate': 0.16892368249551645, 'subsample': 0.6148294380554452, 'colsample_bytree': 0.537084884375409, 'gamma': 0.12714797592107652, 'reg_alpha': 0.9122729434426439, 'reg_lambda': 0.38767397838976375}",73.88458938468608,1200.0,3.0,0.16892368249551645,0.6148294380554452,0.537084884375409,0.12714797592107652,0.9122729434426439,0.38767397838976375
43,[1 2 3 4 5 6 7],"{'n_estimators': 900, 'max_depth': 3, 'learning_rate': 0.1431218470503044, 'subsample': 0.5480597146170778, 'colsample_bytree': 0.6139023968216449, 'gamma': 0.5439984194446894, 'reg_alpha': 0.5477629347325363, 'reg_lambda': 0.6686116866773802}",73.95068154118216,900.0,3.0,0.1431218470503044,0.5480597146170778,0.6139023968216449,0.5439984194446894,0.5477629347325363,0.6686116866773802
148,[1 2 3 4 5 6 7],"{'n_estimators': 1000, 'max_depth': 3, 'learning_rate': 0.26493088686927674, 'subsample': 0.5445893135627772, 'colsample_bytree': 0.5551131603929502, 'gamma': 0.2609708567722029, 'reg_alpha': 0.7991400277121607, 'reg_lambda': 0.8471737427019839}",73.96955033997877,1000.0,3.0,0.26493088686927674,0.5445893135627772,0.5551131603929502,0.2609708567722029,0.7991400277121607,0.8471737427019839
55,[1 2 3 4 5 6 7],"{'n_estimators': 1200, 'max_depth': 3, 'learning_rate': 0.24575465699004734, 'subsample': 0.6235501652464457, 'colsample_bytree': 0.6058728475716918, 'gamma': 0.1934039665154417, 'reg_alpha': 0.8172812884825196, 'reg_lambda': 0.6003526506732624}",74.1388037095781,1200.0,3.0,0.24575465699004734,0.6235501652464457,0.6058728475716918,0.1934039665154417,0.8172812884825196,0.6003526506732624
102,[1 2 3 4 5 6 7],"{'n_estimators': 1100, 'max_depth': 3, 'learning_rate': 0.23457979372127385, 'subsample': 0.7025191675098937, 'colsample_bytree': 0.5480183545410939, 'gamma': 0.2485612420115449, 'reg_alpha': 0.9777600188007313, 'reg_lambda': 0.3946996280862809}",74.21189627410473,1100.0,3.0,0.23457979372127385,0.7025191675098937,0.5480183545410939,0.2485612420115449,0.9777600188007313,0.3946996280862809
110,[1 2 3 4 5 6 7],"{'n_estimators': 1200, 'max_depth': 3, 'learning_rate': 0.19239258593904218, 'subsample': 0.6470252159086372, 'colsample_bytree': 0.4316035824590645, 'gamma': 0.23478735760432104, 'reg_alpha': 0.9455100689606029, 'reg_lambda': 0.4335602160123274}",74.43648275717791,1200.0,3.0,0.19239258593904218,0.6470252159086372,0.4316035824590645,0.23478735760432104,0.9455100689606029,0.4335602160123274
57,[1 2 3 4 5 6 7],"{'n_estimators': 1200, 'max_depth': 3, 'learning_rate': 0.2569781303153422, 'subsample': 0.6732636791645987, 'colsample_bytree': 0.518754641115737, 'gamma': 0.11421272688322026, 'reg_alpha': 0.9449095409785563, 'reg_lambda': 0.9044390935643356}",74.56467051807817,1200.0,3.0,0.2569781303153422,0.6732636791645987,0.518754641115737,0.11421272688322026,0.9449095409785563,0.9044390935643356
64,[1 2 3 4 5 6 7],"{'n_estimators': 1000, 'max_depth': 4, 'learning_rate': 0.15800669989459626, 'subsample': 0.7038213551883281, 'colsample_bytree': 0.5865869932654035, 'gamma': 0.03259337965073106, 'reg_alpha': 0.7294959505038056, 'reg_lambda': 0.5921688894270608}",74.62275111286402,1000.0,4.0,0.15800669989459626,0.7038213551883281,0.5865869932654035,0.03259337965073106,0.7294959505038056,0.5921688894270608
134,[1 2 3 4 5 6 7],"{'n_estimators': 1000, 'max_depth': 3, 'learning_rate': 0.220743413394418, 'subsample': 0.7076702872794132, 'colsample_bytree': 0.5225569985549411, 'gamma': 0.3009092839025187, 'reg_alpha': 0.9473135631015914, 'reg_lambda': 0.4999608353974014}",74.9027553755324,1000.0,3.0,0.220743413394418,0.7076702872794132,0.5225569985549411,0.3009092839025187,0.9473135631015914,0.4999608353974014
112,[1 2 3 4 5 6 7],"{'n_estimators': 1200, 'max_depth': 3, 'learning_rate': 0.30924886793297984, 'subsample': 0.6224399468924479, 'colsample_bytree': 0.5736914679586738, 'gamma': 0.08143083866746242, 'reg_alpha': 0.8949568871359945, 'reg_lambda': 0.5459695776286968}",74.92678555692488,1200.0,3.0,0.30924886793297984,0.6224399468924479,0.5736914679586738,0.08143083866746242,0.8949568871359945,0.5459695776286968
100,[1 2 3 4 5 6 7],"{'n_estimators': 1000, 'max_depth': 3, 'learning_rate': 0.27223185073344536, 'subsample': 0.7472251839466607, 'colsample_bytree': 0.5087798454120755, 'gamma': 0.2998804256521081, 'reg_alpha': 0.9019256145378227, 'reg_lambda': 0.4413039293848464}",74.97318774443376,1000.0,3.0,0.27223185073344536,0.7472251839466607,0.5087798454120755,0.2998804256521081,0.9019256145378227,0.4413039293848464
89,[1 2 3 4 5 6 7],"{'n_estimators': 400, 'max_depth': 3, 'learning_rate': 0.20747341629607377, 'subsample': 0.5895582633075213, 'colsample_bytree': 0.5321731993661077, 'gamma': 0.21790808362694788, 'reg_alpha': 0.7342603517636097, 'reg_lambda': 0.43106646851814195}",75.09441851566473,400.0,3.0,0.20747341629607377,0.5895582633075213,0.5321731993661077,0.21790808362694788,0.7342603517636097,0.43106646851814195
54,[1 2 3 4 5 6 7],"{'n_estimators': 1100, 'max_depth': 3, 'learning_rate': 0.20357003969364493, 'subsample': 0.7225387842547898, 'colsample_bytree': 0.4516826029440928, 'gamma': 0.061384198777576476, 'reg_alpha': 0.7703794989205585, 'reg_lambda': 0.46383017043262}",75.44594572771327,1100.0,3.0,0.20357003969364493,0.7225387842547898,0.4516826029440928,0.061384198777576476,0.7703794989205585,0.46383017043262
173,[1 2 3 4 5 6 7],"{'n_estimators': 1200, 'max_depth': 3, 'learning_rate': 0.18237928136744702, 'subsample': 0.6499949817460651, 'colsample_bytree': 0.5522993716926233, 'gamma': 0.24436574324760607, 'reg_alpha': 0.7501826770521912, 'reg_lambda': 0.9338663230699008}",75.61548430057621,1200.0,3.0,0.18237928136744702,0.6499949817460651,0.5522993716926233,0.24436574324760607,0.7501826770521912,0.9338663230699008
188,[1 2 3 4 5 6 7],"{'n_estimators': 1200, 'max_depth': 3, 'learning_rate': 0.22794470178219922, 'subsample': 0.6497585240073336, 'colsample_bytree': 0.7622010657555783, 'gamma': 0.6276939461927341, 'reg_alpha': 0.9623879154971455, 'reg_lambda': 0.4320911497343362}",75.62804372515063,1200.0,3.0,0.22794470178219922,0.6497585240073336,0.7622010657555783,0.6276939461927341,0.9623879154971455,0.4320911497343362
177,[1 2 3 4 5 6 7],"{'n_estimators': 400, 'max_depth': 3, 'learning_rate': 0.2499418624240775, 'subsample': 0.636699242882761, 'colsample_bytree': 0.5261708501790276, 'gamma': 0.6147068263360917, 'reg_alpha': 0.8221279064014332, 'reg_lambda': 0.3522822993883814}",75.63557820383996,400.0,3.0,0.2499418624240775,0.636699242882761,0.5261708501790276,0.6147068263360917,0.8221279064014332,0.3522822993883814
147,[1 2 3 4 5 6 7],"{'n_estimators': 1100, 'max_depth': 3, 'learning_rate': 0.2853715209302825, 'subsample': 0.5954656963731292, 'colsample_bytree': 0.5289089013875419, 'gamma': 0.31528450705559724, 'reg_alpha': 0.7206982810859166, 'reg_lambda': 0.5673508503061417}",75.8653014779609,1100.0,3.0,0.2853715209302825,0.5954656963731292,0.5289089013875419,0.31528450705559724,0.7206982810859166,0.5673508503061417
59,[1 2 3 4 5 6 7],"{'n_estimators': 1200, 'max_depth': 3, 'learning_rate': 0.2848386171827017, 'subsample': 0.7865123764500576, 'colsample_bytree': 0.4411486888955985, 'gamma': 0.016531609496333477, 'reg_alpha': 0.8736333333126927, 'reg_lambda': 0.35914887639905524}",75.91346608139199,1200.0,3.0,0.2848386171827017,0.7865123764500576,0.4411486888955985,0.016531609496333477,0.8736333333126927,0.35914887639905524
151,[1 2 3 4 5 6 7],"{'n_estimators': 1200, 'max_depth': 3, 'learning_rate': 0.23381079244056951, 'subsample': 0.6398400243007392, 'colsample_bytree': 0.545017785098923, 'gamma': 0.1412414434847235, 'reg_alpha': 0.7524200149142767, 'reg_lambda': 0.48270750990823497}",76.02054475340779,1200.0,3.0,0.23381079244056951,0.6398400243007392,0.545017785098923,0.1412414434847235,0.7524200149142767,0.48270750990823497
74,[1 2 3 4 5 6 7],"{'n_estimators': 1200, 'max_depth': 3, 'learning_rate': 0.20205335909830896, 'subsample': 0.5094741953084624, 'colsample_bytree': 0.5676198043404639, 'gamma': 0.1933716856098348, 'reg_alpha': 0.8619690952109184, 'reg_lambda': 0.5473800288989108}",76.18770004200545,1200.0,3.0,0.20205335909830896,0.5094741953084624,0.5676198043404639,0.1933716856098348,0.8619690952109184,0.5473800288989108
150,[1 2 3 4 5 6 7],"{'n_estimators': 1200, 'max_depth': 3, 'learning_rate': 0.2004550667538786, 'subsample': 0.5848049128866482, 'colsample_bytree': 0.9674945433575053, 'gamma': 0.22892842113162093, 'reg_alpha': 0.8337598665797067, 'reg_lambda': 0.703378031096152}",76.20675468257141,1200.0,3.0,0.2004550667538786,0.5848049128866482,0.9674945433575053,0.22892842113162093,0.8337598665797067,0.703378031096152
113,[1 2 3 4 5 6 7],"{'n_estimators': 1200, 'max_depth': 3, 'learning_rate': 0.22465318262234768, 'subsample': 0.6020779753764895, 'colsample_bytree': 0.5431410538449307, 'gamma': 0.1441077663089664, 'reg_alpha': 0.8538789309468164, 'reg_lambda': 0.4108036866683086}",76.59216881825823,1200.0,3.0,0.22465318262234768,0.6020779753764895,0.5431410538449307,0.1441077663089664,0.8538789309468164,0.4108036866683086
87,[1 2 3 4 5 6 7],"{'n_estimators': 1000, 'max_depth': 3, 'learning_rate': 0.17262131346517812, 'subsample': 0.5355931947975673, 'colsample_bytree': 0.6217736391807513, 'gamma': 0.17536924949243327, 'reg_alpha': 0.9175214779333477, 'reg_lambda': 0.47991006945694165}",76.75401583142455,1000.0,3.0,0.17262131346517812,0.5355931947975673,0.6217736391807513,0.17536924949243327,0.9175214779333477,0.47991006945694165
58,[1 2 3 4 5 6 7],"{'n_estimators': 1100, 'max_depth': 4, 'learning_rate': 0.1917934224039658, 'subsample': 0.5613189529682175, 'colsample_bytree': 0.5712174506452457, 'gamma': 0.0696885677694646, 'reg_alpha': 0.7442833665932116, 'reg_lambda': 0.5413028809925915}",77.00761404491955,1100.0,4.0,0.1917934224039658,0.5613189529682175,0.5712174506452457,0.0696885677694646,0.7442833665932116,0.5413028809925915
80,[1 2 3 4 5 6 7],"{'n_estimators': 1200, 'max_depth': 3, 'learning_rate': 0.19486255172574804, 'subsample': 0.635683034317757, 'colsample_bytree': 0.6845301069885423, 'gamma': 0.14512084938671707, 'reg_alpha': 0.6238094234296696, 'reg_lambda': 0.5853177414114727}",77.2232930595481,1200.0,3.0,0.19486255172574804,0.635683034317757,0.6845301069885423,0.14512084938671707,0.6238094234296696,0.5853177414114727
94,[1 2 3 4 5 6 7],"{'n_estimators': 1100, 'max_depth': 3, 'learning_rate': 0.20631673281665394, 'subsample': 0.6728858644528396, 'colsample_bytree': 0.5217562751292424, 'gamma': 0.37877828928030144, 'reg_alpha': 0.9853066620186209, 'reg_lambda': 0.45594334488692434}",77.40197101117153,1100.0,3.0,0.20631673281665394,0.6728858644528396,0.5217562751292424,0.37877828928030144,0.9853066620186209,0.45594334488692434
103,[1 2 3 4 5 6 7],"{'n_estimators': 1100, 'max_depth': 3, 'learning_rate': 0.21175860753976958, 'subsample': 0.6816501392507108, 'colsample_bytree': 0.4654164073925783, 'gamma': 0.18629344083335297, 'reg_alpha': 0.9228286454637278, 'reg_lambda': 0.4705322572819665}",77.60463551100695,1100.0,3.0,0.21175860753976958,0.6816501392507108,0.4654164073925783,0.18629344083335297,0.9228286454637278,0.4705322572819665
141,[1 2 3 4 5 6 7],"{'n_estimators': 1200, 'max_depth': 3, 'learning_rate': 0.2506337371484198, 'subsample': 0.6227191071939097, 'colsample_bytree': 0.5625277980216271, 'gamma': 0.1364063949405324, 'reg_alpha': 0.7142494576318325, 'reg_lambda': 0.4839594275753517}",77.64596669130933,1200.0,3.0,0.2506337371484198,0.6227191071939097,0.5625277980216271,0.1364063949405324,0.7142494576318325,0.4839594275753517
117,[1 2 3 4 5 6 7],"{'n_estimators': 500, 'max_depth': 4, 'learning_rate': 0.2810803696033366, 'subsample': 0.588874000394226, 'colsample_bytree': 0.562996481381625, 'gamma': 0.05791676976309962, 'reg_alpha': 0.9596684253183174, 'reg_lambda': 0.4659391809783167}",77.78464190280492,500.0,4.0,0.2810803696033366,0.588874000394226,0.562996481381625,0.05791676976309962,0.9596684253183174,0.4659391809783167
105,[1 2 3 4 5 6 7],"{'n_estimators': 1100, 'max_depth': 7, 'learning_rate': 0.23257349186843468, 'subsample': 0.7694271007636083, 'colsample_bytree': 0.5261465164461822, 'gamma': 0.2080058442069524, 'reg_alpha': 0.9360427678040846, 'reg_lambda': 0.5066560987863228}",78.00771078461871,1100.0,7.0,0.23257349186843468,0.7694271007636083,0.5261465164461822,0.2080058442069524,0.9360427678040846,0.5066560987863228
1,[1 2 3 4 5 6 7],"{'n_estimators': 800, 'max_depth': 6, 'learning_rate': 0.17815722791392602, 'subsample': 0.7561447366456374, 'colsample_bytree': 0.494715020211662, 'gamma': 0.05967789660956835, 'reg_alpha': 0.3980442553304314, 'reg_lambda': 0.7379954057320357}",78.2467958802851,800.0,6.0,0.17815722791392602,0.7561447366456374,0.494715020211662,0.05967789660956835,0.3980442553304314,0.7379954057320357
42,[1 2 3 4 5 6 7],"{'n_estimators': 800, 'max_depth': 3, 'learning_rate': 0.17540430604633836, 'subsample': 0.5004685545219419, 'colsample_bytree': 0.7111476212415035, 'gamma': 0.5848813279323006, 'reg_alpha': 0.5776706574943448, 'reg_lambda': 0.6421274762520246}",78.29899359524909,800.0,3.0,0.17540430604633836,0.5004685545219419,0.7111476212415035,0.5848813279323006,0.5776706574943448,0.6421274762520246
180,[1 2 3 4 5 6 7],"{'n_estimators': 1200, 'max_depth': 3, 'learning_rate': 0.20176829415555217, 'subsample': 0.692556082048806, 'colsample_bytree': 0.6416614158507596, 'gamma': 0.45193228608331387, 'reg_alpha': 0.6954117118501573, 'reg_lambda': 0.5866849717767696}",78.37568761818675,1200.0,3.0,0.20176829415555217,0.692556082048806,0.6416614158507596,0.45193228608331387,0.6954117118501573,0.5866849717767696
154,[1 2 3 4 5 6 7],"{'n_estimators': 700, 'max_depth': 3, 'learning_rate': 0.2969943560297398, 'subsample': 0.5706013609683223, 'colsample_bytree': 0.7172549713895483, 'gamma': 0.55794190921498, 'reg_alpha': 0.6982198140907759, 'reg_lambda': 0.39457000708527873}",78.37896811559092,700.0,3.0,0.2969943560297398,0.5706013609683223,0.7172549713895483,0.55794190921498,0.6982198140907759,0.39457000708527873
101,[1 2 3 4 5 6 7],"{'n_estimators': 1100, 'max_depth': 3, 'learning_rate': 0.218758892805661, 'subsample': 0.7280275685772141, 'colsample_bytree': 0.5669282629684643, 'gamma': 0.2662888744782458, 'reg_alpha': 0.9562287243660202, 'reg_lambda': 0.4096916816287696}",78.52863960342899,1100.0,3.0,0.218758892805661,0.7280275685772141,0.5669282629684643,0.2662888744782458,0.9562287243660202,0.4096916816287696
168,[1 2 3 4 5 6 7],"{'n_estimators': 1200, 'max_depth': 3, 'learning_rate': 0.3756387364987674, 'subsample': 0.673634237966701, 'colsample_bytree': 0.7431190864629212, 'gamma': 0.36702836597107585, 'reg_alpha': 0.7034288564218175, 'reg_lambda': 0.4053977616389697}",78.64700866542614,1200.0,3.0,0.3756387364987674,0.673634237966701,0.7431190864629212,0.36702836597107585,0.7034288564218175,0.4053977616389697
132,[1 2 3 4 5 6 7],"{'n_estimators': 1100, 'max_depth': 3, 'learning_rate': 0.24830190125788804, 'subsample': 0.6940798116873146, 'colsample_bytree': 0.5631596841121344, 'gamma': 0.24865344568577794, 'reg_alpha': 0.8832243009495899, 'reg_lambda': 0.4473089620900102}",78.69563473828048,1100.0,3.0,0.24830190125788804,0.6940798116873146,0.5631596841121344,0.24865344568577794,0.8832243009495899,0.4473089620900102
118,[1 2 3 4 5 6 7],"{'n_estimators': 1200, 'max_depth': 3, 'learning_rate': 0.20944591203214424, 'subsample': 0.7110822708313495, 'colsample_bytree': 0.600215595977614, 'gamma': 0.49647143386901904, 'reg_alpha': 0.8390712046583243, 'reg_lambda': 0.49993877257804287}",78.94596516710276,1200.0,3.0,0.20944591203214424,0.7110822708313495,0.600215595977614,0.49647143386901904,0.8390712046583243,0.49993877257804287
15,[1 2 3 4 5 6 7],"{'n_estimators': 500, 'max_depth': 4, 'learning_rate': 0.24947937124860664, 'subsample': 0.5224651675334357, 'colsample_bytree': 0.7703426663976185, 'gamma': 0.42636426999034366, 'reg_alpha': 0.8182366901913752, 'reg_lambda': 0.8179249219358566}",78.99991237941856,500.0,4.0,0.24947937124860664,0.5224651675334357,0.7703426663976185,0.42636426999034366,0.8182366901913752,0.8179249219358566
163,[1 2 3 4 5 6 7],"{'n_estimators': 1200, 'max_depth': 3, 'learning_rate': 0.2302204213556215, 'subsample': 0.6094329336243677, 'colsample_bytree': 0.5844139197302842, 'gamma': 0.25325429308428304, 'reg_alpha': 0.7880259021441125, 'reg_lambda': 0.46580499865378955}",79.11361168715659,1200.0,3.0,0.2302204213556215,0.6094329336243677,0.5844139197302842,0.25325429308428304,0.7880259021441125,0.46580499865378955
162,[1 2 3 4 5 6 7],"{'n_estimators': 1200, 'max_depth': 3, 'learning_rate': 0.2521284089545137, 'subsample': 0.6488570593941471, 'colsample_bytree': 0.9207802681234019, 'gamma': 0.30101196255138146, 'reg_alpha': 0.6424090168903822, 'reg_lambda': 0.434231158267524}",79.23525860521731,1200.0,3.0,0.2521284089545137,0.6488570593941471,0.9207802681234019,0.30101196255138146,0.6424090168903822,0.434231158267524
133,[1 2 3 4 5 6 7],"{'n_estimators': 1100, 'max_depth': 3, 'learning_rate': 0.19520326064892315, 'subsample': 0.6554802283430008, 'colsample_bytree': 0.5401604309185323, 'gamma': 0.1067196711138799, 'reg_alpha': 0.7636201216485453, 'reg_lambda': 0.4818526396030819}",79.49379426283456,1100.0,3.0,0.19520326064892315,0.6554802283430008,0.5401604309185323,0.1067196711138799,0.7636201216485453,0.4818526396030819
124,[1 2 3 4 5 6 7],"{'n_estimators': 1100, 'max_depth': 3, 'learning_rate': 0.25516141243604296, 'subsample': 0.5667189926938248, 'colsample_bytree': 0.8477709464680895, 'gamma': 0.09528039574605907, 'reg_alpha': 0.9734892863912712, 'reg_lambda': 0.4246906744325153}",79.57701683037406,1100.0,3.0,0.25516141243604296,0.5667189926938248,0.8477709464680895,0.09528039574605907,0.9734892863912712,0.4246906744325153
9,[1 2 3 4 5 6 7],"{'n_estimators': 900, 'max_depth': 8, 'learning_rate': 0.01790331128055825, 'subsample': 0.6349886915005383, 'colsample_bytree': 0.6011066731548598, 'gamma': 0.15895964414472274, 'reg_alpha': 0.1530705151247731, 'reg_lambda': 0.6955295287709109}",79.73154686159698,900.0,8.0,0.01790331128055825,0.6349886915005383,0.6011066731548598,0.15895964414472274,0.1530705151247731,0.6955295287709109
84,[1 2 3 4 5 6 7],"{'n_estimators': 1100, 'max_depth': 3, 'learning_rate': 0.25272035126051207, 'subsample': 0.608649288555119, 'colsample_bytree': 0.4829055453318535, 'gamma': 0.3193228443592181, 'reg_alpha': 0.9679022859803533, 'reg_lambda': 0.44936793403023895}",79.78089209079326,1100.0,3.0,0.25272035126051207,0.608649288555119,0.4829055453318535,0.3193228443592181,0.9679022859803533,0.44936793403023895
149,[1 2 3 4 5 6 7],"{'n_estimators': 600, 'max_depth': 3, 'learning_rate': 0.1888491383891726, 'subsample': 0.5146357585244613, 'colsample_bytree': 0.48589826920191204, 'gamma': 0.20035185787581056, 'reg_alpha': 0.9999595440253597, 'reg_lambda': 0.5336021663129143}",79.81919033405903,600.0,3.0,0.1888491383891726,0.5146357585244613,0.48589826920191204,0.20035185787581056,0.9999595440253597,0.5336021663129143
185,[1 2 3 4 5 6 7],"{'n_estimators': 1200, 'max_depth': 3, 'learning_rate': 0.19450178446952132, 'subsample': 0.5261715102308757, 'colsample_bytree': 0.558770219742023, 'gamma': 0.5182592830797781, 'reg_alpha': 0.8474733643921386, 'reg_lambda': 0.5108565484223219}",79.8696389912561,1200.0,3.0,0.19450178446952132,0.5261715102308757,0.558770219742023,0.5182592830797781,0.8474733643921386,0.5108565484223219
175,[1 2 3 4 5 6 7],"{'n_estimators': 1100, 'max_depth': 9, 'learning_rate': 0.21390365374216397, 'subsample': 0.5500538228114359, 'colsample_bytree': 0.9031443570977965, 'gamma': 0.3078093061071398, 'reg_alpha': 0.812786959606532, 'reg_lambda': 0.42520114784977947}",79.90551991610172,1100.0,9.0,0.21390365374216397,0.5500538228114359,0.9031443570977965,0.3078093061071398,0.812786959606532,0.42520114784977947
159,[1 2 3 4 5 6 7],"{'n_estimators': 1100, 'max_depth': 3, 'learning_rate': 0.21230107036995643, 'subsample': 0.4764420904874056, 'colsample_bytree': 0.5635264103112125, 'gamma': 0.6798395437239741, 'reg_alpha': 0.7380128847364121, 'reg_lambda': 0.4573365035793208}",80.08194815091755,1100.0,3.0,0.21230107036995643,0.4764420904874056,0.5635264103112125,0.6798395437239741,0.7380128847364121,0.4573365035793208
126,[1 2 3 4 5 6 7],"{'n_estimators': 1100, 'max_depth': 3, 'learning_rate': 0.21488257327682372, 'subsample': 0.646200464225369, 'colsample_bytree': 0.6325199130885639, 'gamma': 0.23993649295682856, 'reg_alpha': 0.8480738069409949, 'reg_lambda': 0.5072576858348677}",80.35730313698899,1100.0,3.0,0.21488257327682372,0.646200464225369,0.6325199130885639,0.23993649295682856,0.8480738069409949,0.5072576858348677
138,[1 2 3 4 5 6 7],"{'n_estimators': 400, 'max_depth': 3, 'learning_rate': 0.23973442979229487, 'subsample': 0.7385072465459195, 'colsample_bytree': 0.641364303663615, 'gamma': 0.6401836282954956, 'reg_alpha': 0.8650055991649817, 'reg_lambda': 0.4527090626937107}",80.38868517069062,400.0,3.0,0.23973442979229487,0.7385072465459195,0.641364303663615,0.6401836282954956,0.8650055991649817,0.4527090626937107
73,[1 2 3 4 5 6 7],"{'n_estimators': 1100, 'max_depth': 3, 'learning_rate': 0.16196786395043405, 'subsample': 0.5333698365930037, 'colsample_bytree': 0.6753240597834496, 'gamma': 0.10924500744332422, 'reg_alpha': 0.7270663539766536, 'reg_lambda': 0.4801484513216983}",80.42521481391556,1100.0,3.0,0.16196786395043405,0.5333698365930037,0.6753240597834496,0.10924500744332422,0.7270663539766536,0.4801484513216983
8,[1 2 3 4 5 6 7],"{'n_estimators': 1100, 'max_depth': 3, 'learning_rate': 0.3842045923072357, 'subsample': 0.3192997370831866, 'colsample_bytree': 0.2748006645208938, 'gamma': 0.5724569574914731, 'reg_alpha': 0.09571251661238711, 'reg_lambda': 0.8853268262751396}",80.4486818019864,1100.0,3.0,0.3842045923072357,0.3192997370831866,0.2748006645208938,0.5724569574914731,0.09571251661238711,0.8853268262751396
44,[1 2 3 4 5 6 7],"{'n_estimators': 1000, 'max_depth': 4, 'learning_rate': 0.10594527529880553, 'subsample': 0.41577964016648705, 'colsample_bytree': 0.5511995704129559, 'gamma': 0.6811562596885926, 'reg_alpha': 0.6493925727944784, 'reg_lambda': 0.7050680697618454}",80.46456407518474,1000.0,4.0,0.10594527529880553,0.41577964016648705,0.5511995704129559,0.6811562596885926,0.6493925727944784,0.7050680697618454
114,[1 2 3 4 5 6 7],"{'n_estimators': 1100, 'max_depth': 3, 'learning_rate': 0.23726876615422932, 'subsample': 0.6858910116367278, 'colsample_bytree': 0.5197678171630326, 'gamma': 0.11066954593973093, 'reg_alpha': 0.9224008159251772, 'reg_lambda': 0.48818019759570075}",80.49356599149377,1100.0,3.0,0.23726876615422932,0.6858910116367278,0.5197678171630326,0.11066954593973093,0.9224008159251772,0.48818019759570075
160,[1 2 3 4 5 6 7],"{'n_estimators': 1200, 'max_depth': 10, 'learning_rate': 0.3262085881900487, 'subsample': 0.7628059087122364, 'colsample_bytree': 0.6292138100888891, 'gamma': 0.3297581840488764, 'reg_alpha': 0.9765497171853773, 'reg_lambda': 0.9777476242133873}",80.58713500384695,1200.0,10.0,0.3262085881900487,0.7628059087122364,0.6292138100888891,0.3297581840488764,0.9765497171853773,0.9777476242133873
33,[1 2 3 4 5 6 7],"{'n_estimators': 400, 'max_depth': 8, 'learning_rate': 0.20127234760132473, 'subsample': 0.4927164879292415, 'colsample_bytree': 0.817442316809036, 'gamma': 0.6572380002679394, 'reg_alpha': 0.7818674457104136, 'reg_lambda': 0.5772090518247306}",80.68570042810806,400.0,8.0,0.20127234760132473,0.4927164879292415,0.817442316809036,0.6572380002679394,0.7818674457104136,0.5772090518247306
83,[1 2 3 4 5 6 7],"{'n_estimators': 1100, 'max_depth': 3, 'learning_rate': 0.275629779418113, 'subsample': 0.5689115122808365, 'colsample_bytree': 0.5830157288406297, 'gamma': 0.12616783406255555, 'reg_alpha': 0.8744604876089505, 'reg_lambda': 0.4985685296094172}",80.77463719861981,1100.0,3.0,0.275629779418113,0.5689115122808365,0.5830157288406297,0.12616783406255555,0.8744604876089505,0.4985685296094172
24,[1 2 3 4 5 6 7],"{'n_estimators': 700, 'max_depth': 9, 'learning_rate': 0.32173390096466464, 'subsample': 0.5218952810152699, 'colsample_bytree': 0.9141758380569953, 'gamma': 0.6534601591988561, 'reg_alpha': 0.9647072863470545, 'reg_lambda': 0.7741238818989555}",80.82774005971334,700.0,9.0,0.32173390096466464,0.5218952810152699,0.9141758380569953,0.6534601591988561,0.9647072863470545,0.7741238818989555
82,[1 2 3 4 5 6 7],"{'n_estimators': 1000, 'max_depth': 3, 'learning_rate': 0.23431871674466628, 'subsample': 0.7226697530627368, 'colsample_bytree': 0.6108920256576379, 'gamma': 0.23631222247827605, 'reg_alpha': 0.9358652991284163, 'reg_lambda': 0.42128916773740105}",80.94910588668058,1000.0,3.0,0.23431871674466628,0.7226697530627368,0.6108920256576379,0.23631222247827605,0.9358652991284163,0.42128916773740105
90,[1 2 3 4 5 6 7],"{'n_estimators': 500, 'max_depth': 4, 'learning_rate': 0.24011182683169963, 'subsample': 0.6391404589417731, 'colsample_bytree': 0.757477854063984, 'gamma': 0.16509129173321588, 'reg_alpha': 0.708698135229919, 'reg_lambda': 0.6548726342870956}",81.03218053261953,500.0,4.0,0.24011182683169963,0.6391404589417731,0.757477854063984,0.16509129173321588,0.708698135229919,0.6548726342870956
155,[1 2 3 4 5 6 7],"{'n_estimators': 1100, 'max_depth': 3, 'learning_rate': 0.2785173533361094, 'subsample': 0.6608240261314685, 'colsample_bytree': 0.589149326050999, 'gamma': 0.5954664276818503, 'reg_alpha': 0.7743350984393492, 'reg_lambda': 0.7574524754938209}",81.28255938173167,1100.0,3.0,0.2785173533361094,0.6608240261314685,0.589149326050999,0.5954664276818503,0.7743350984393492,0.7574524754938209
38,[1 2 3 4 5 6 7],"{'n_estimators': 700, 'max_depth': 10, 'learning_rate': 0.362650727517368, 'subsample': 0.5559788198802031, 'colsample_bytree': 0.509464211019147, 'gamma': 0.4582122091349964, 'reg_alpha': 0.748096184260553, 'reg_lambda': 0.33106428446135044}",81.31544672624818,700.0,10.0,0.362650727517368,0.5559788198802031,0.509464211019147,0.4582122091349964,0.748096184260553,0.33106428446135044
13,[1 2 3 4 5 6 7],"{'n_estimators': 1200, 'max_depth': 4, 'learning_rate': 0.1384440058579713, 'subsample': 0.7027187455935222, 'colsample_bytree': 0.9826746994213877, 'gamma': 0.7304554585233836, 'reg_alpha': 0.4976680321330942, 'reg_lambda': 0.977013659215851}",81.36273869794366,1200.0,4.0,0.1384440058579713,0.7027187455935222,0.9826746994213877,0.7304554585233836,0.4976680321330942,0.977013659215851
72,[1 2 3 4 5 6 7],"{'n_estimators': 1000, 'max_depth': 3, 'learning_rate': 0.18341916531627794, 'subsample': 0.5783287240934863, 'colsample_bytree': 0.699453971235841, 'gamma': 0.14745284377192386, 'reg_alpha': 0.6730977737733264, 'reg_lambda': 0.6237518945847297}",81.4946701539375,1000.0,3.0,0.18341916531627794,0.5783287240934863,0.699453971235841,0.14745284377192386,0.6730977737733264,0.6237518945847297
79,[1 2 3 4 5 6 7],"{'n_estimators': 1100, 'max_depth': 4, 'learning_rate': 0.14396057554687278, 'subsample': 0.5143066259401103, 'colsample_bytree': 0.962456450672839, 'gamma': 0.22317013896761323, 'reg_alpha': 0.9032774255201019, 'reg_lambda': 0.6860005148330286}",81.73550428351123,1100.0,4.0,0.14396057554687278,0.5143066259401103,0.962456450672839,0.22317013896761323,0.9032774255201019,0.6860005148330286
104,[1 2 3 4 5 6 7],"{'n_estimators': 1200, 'max_depth': 3, 'learning_rate': 0.25862231929759566, 'subsample': 0.65550670749097, 'colsample_bytree': 0.5997126472837576, 'gamma': 0.31389842819528607, 'reg_alpha': 0.9550051088690508, 'reg_lambda': 0.42415650238100616}",81.92692581294538,1200.0,3.0,0.25862231929759566,0.65550670749097,0.5997126472837576,0.31389842819528607,0.9550051088690508,0.42415650238100616
192,[1 2 3 4 5 6 7],"{'n_estimators': 1200, 'max_depth': 3, 'learning_rate': 0.1893934445841806, 'subsample': 0.6366454274010566, 'colsample_bytree': 0.6243816740275365, 'gamma': 0.2772278286944667, 'reg_alpha': 0.7954732409234847, 'reg_lambda': 0.4509361991534424}",81.99845204542515,1200.0,3.0,0.1893934445841806,0.6366454274010566,0.6243816740275365,0.2772278286944667,0.7954732409234847,0.4509361991534424
166,[1 2 3 4 5 6 7],"{'n_estimators': 500, 'max_depth': 3, 'learning_rate': 0.22022666567108615, 'subsample': 0.5917886208579909, 'colsample_bytree': 0.6560667157623183, 'gamma': 0.38578725842959005, 'reg_alpha': 0.6790041681736375, 'reg_lambda': 0.5138452628201556}",82.04562483731252,500.0,3.0,0.22022666567108615,0.5917886208579909,0.6560667157623183,0.38578725842959005,0.6790041681736375,0.5138452628201556
184,[1 2 3 4 5 6 7],"{'n_estimators': 1100, 'max_depth': 3, 'learning_rate': 0.23850892667861925, 'subsample': 0.6812968010039817, 'colsample_bytree': 0.5024370420163886, 'gamma': 0.3251494120025556, 'reg_alpha': 0.7655001627898035, 'reg_lambda': 0.5542573783572323}",82.38081909735769,1100.0,3.0,0.23850892667861925,0.6812968010039817,0.5024370420163886,0.3251494120025556,0.7655001627898035,0.5542573783572323
165,[1 2 3 4 5 6 7],"{'n_estimators': 1100, 'max_depth': 3, 'learning_rate': 0.24258704185750032, 'subsample': 0.6328862298454186, 'colsample_bytree': 0.8317310292251436, 'gamma': 0.31350962875648547, 'reg_alpha': 0.7268421980555626, 'reg_lambda': 0.49386787416845135}",82.57726384361759,1100.0,3.0,0.24258704185750032,0.6328862298454186,0.8317310292251436,0.31350962875648547,0.7268421980555626,0.49386787416845135
146,[1 2 3 4 5 6 7],"{'n_estimators': 1200, 'max_depth': 3, 'learning_rate': 0.3123086554026475, 'subsample': 0.6814562338041934, 'colsample_bytree': 0.5081295092893107, 'gamma': 0.22282818058960818, 'reg_alpha': 0.9329073032356026, 'reg_lambda': 0.5155192146628241}",82.65918368875101,1200.0,3.0,0.3123086554026475,0.6814562338041934,0.5081295092893107,0.22282818058960818,0.9329073032356026,0.5155192146628241
71,[1 2 3 4 5 6 7],"{'n_estimators': 1100, 'max_depth': 3, 'learning_rate': 0.21326647225083845, 'subsample': 0.5458817741921276, 'colsample_bytree': 0.6655456177111687, 'gamma': 0.2173626084531691, 'reg_alpha': 0.6486419465478579, 'reg_lambda': 0.5912788483969766}",82.70000920955262,1100.0,3.0,0.21326647225083845,0.5458817741921276,0.6655456177111687,0.2173626084531691,0.6486419465478579,0.5912788483969766
3,[1 2 3 4 5 6 7],"{'n_estimators': 1000, 'max_depth': 5, 'learning_rate': 0.18727644125493392, 'subsample': 0.30543690779106003, 'colsample_bytree': 0.36434264174994646, 'gamma': 0.6309761238544878, 'reg_alpha': 0.09210493994507518, 'reg_lambda': 0.43370117267952824}",82.94321415007643,1000.0,5.0,0.18727644125493392,0.30543690779106003,0.36434264174994646,0.6309761238544878,0.09210493994507518,0.43370117267952824
96,[1 2 3 4 5 6 7],"{'n_estimators': 1000, 'max_depth': 3, 'learning_rate': 0.22348438026105577, 'subsample': 0.755276467079769, 'colsample_bytree': 0.4876490914709155, 'gamma': 0.28089899022283016, 'reg_alpha': 0.999321937768795, 'reg_lambda': 0.4030141387751742}",83.36284828108197,1000.0,3.0,0.22348438026105577,0.755276467079769,0.4876490914709155,0.28089899022283016,0.999321937768795,0.4030141387751742
45,[1 2 3 4 5 6 7],"{'n_estimators': 800, 'max_depth': 3, 'learning_rate': 0.1720204301767497, 'subsample': 0.483055883403499, 'colsample_bytree': 0.7319430113862968, 'gamma': 0.6207471886031484, 'reg_alpha': 0.692500425134145, 'reg_lambda': 0.7515294526382696}",83.39828030571185,800.0,3.0,0.1720204301767497,0.483055883403499,0.7319430113862968,0.6207471886031484,0.692500425134145,0.7515294526382696
129,[1 2 3 4 5 6 7],"{'n_estimators': 1200, 'max_depth': 9, 'learning_rate': 0.28829530825163263, 'subsample': 0.49452599471061426, 'colsample_bytree': 0.6205528052386418, 'gamma': 0.3368790843374598, 'reg_alpha': 0.788709483431864, 'reg_lambda': 0.5890929621975365}",83.46590559480275,1200.0,9.0,0.28829530825163263,0.49452599471061426,0.6205528052386418,0.3368790843374598,0.788709483431864,0.5890929621975365
76,[1 2 3 4 5 6 7],"{'n_estimators': 1000, 'max_depth': 10, 'learning_rate': 0.2524622730008318, 'subsample': 0.5627001430488795, 'colsample_bytree': 0.6393350174193995, 'gamma': 0.1691404142358464, 'reg_alpha': 0.6927247222657915, 'reg_lambda': 0.4537728518094909}",83.63600700540891,1000.0,10.0,0.2524622730008318,0.5627001430488795,0.6393350174193995,0.1691404142358464,0.6927247222657915,0.4537728518094909
99,[1 2 3 4 5 6 7],"{'n_estimators': 700, 'max_depth': 4, 'learning_rate': 0.19782663358969288, 'subsample': 0.7952258797116004, 'colsample_bytree': 0.5410482065513775, 'gamma': 0.3476741010543432, 'reg_alpha': 0.9272294381572791, 'reg_lambda': 0.3731188270924617}",83.83231235743068,700.0,4.0,0.19782663358969288,0.7952258797116004,0.5410482065513775,0.3476741010543432,0.9272294381572791,0.3731188270924617
199,[1 2 3 4 5 6 7],"{'n_estimators': 1200, 'max_depth': 3, 'learning_rate': 0.25610932628092037, 'subsample': 0.6721591157937635, 'colsample_bytree': 0.8467165078326305, 'gamma': 0.1677386405777604, 'reg_alpha': 0.6869230820086025, 'reg_lambda': 0.5042957918052314}",83.95065570641961,1200.0,3.0,0.25610932628092037,0.6721591157937635,0.8467165078326305,0.1677386405777604,0.6869230820086025,0.5042957918052314
153,[1 2 3 4 5 6 7],"{'n_estimators': 1200, 'max_depth': 3, 'learning_rate': 0.2548107906784092, 'subsample': 0.6042860628761066, 'colsample_bytree': 0.4672654408158924, 'gamma': 0.5472787379730744, 'reg_alpha': 0.6808754569189455, 'reg_lambda': 0.44350042864700273}",83.98347587588435,1200.0,3.0,0.2548107906784092,0.6042860628761066,0.4672654408158924,0.5472787379730744,0.6808754569189455,0.44350042864700273
27,[1 2 3 4 5 6 7],"{'n_estimators': 400, 'max_depth': 9, 'learning_rate': 0.228456051275748, 'subsample': 0.5333169340650854, 'colsample_bytree': 0.8914899568702177, 'gamma': 0.8235907918432451, 'reg_alpha': 0.9122836450279804, 'reg_lambda': 0.7337748934454719}",84.44697296509347,400.0,9.0,0.228456051275748,0.5333169340650854,0.8914899568702177,0.8235907918432451,0.9122836450279804,0.7337748934454719
179,[1 2 3 4 5 6 7],"{'n_estimators': 1200, 'max_depth': 3, 'learning_rate': 0.1896642714360622, 'subsample': 0.5020020694094655, 'colsample_bytree': 0.5540252365569689, 'gamma': 0.4150895380580853, 'reg_alpha': 0.7332422824837613, 'reg_lambda': 0.5000384322756513}",84.51059480115086,1200.0,3.0,0.1896642714360622,0.5020020694094655,0.5540252365569689,0.4150895380580853,0.7332422824837613,0.5000384322756513
35,[1 2 3 4 5 6 7],"{'n_estimators': 400, 'max_depth': 9, 'learning_rate': 0.18920158971846385, 'subsample': 0.4293803138574385, 'colsample_bytree': 0.7503241426823951, 'gamma': 0.6127887236554421, 'reg_alpha': 0.932703823770914, 'reg_lambda': 0.37107342462906917}",84.51920202803282,400.0,9.0,0.18920158971846385,0.4293803138574385,0.7503241426823951,0.6127887236554421,0.932703823770914,0.37107342462906917
182,[1 2 3 4 5 6 7],"{'n_estimators': 1200, 'max_depth': 3, 'learning_rate': 0.2078629289258888, 'subsample': 0.6537459686184794, 'colsample_bytree': 0.6038383271267729, 'gamma': 0.29493276775094995, 'reg_alpha': 0.736056592334457, 'reg_lambda': 0.47628871578530246}",84.79553301266353,1200.0,3.0,0.2078629289258888,0.6537459686184794,0.6038383271267729,0.29493276775094995,0.736056592334457,0.47628871578530246
60,[1 2 3 4 5 6 7],"{'n_estimators': 1100, 'max_depth': 5, 'learning_rate': 0.24080923176542768, 'subsample': 0.6392347065271191, 'colsample_bytree': 0.5241899865379347, 'gamma': 0.0918479715521428, 'reg_alpha': 0.8019795981263863, 'reg_lambda': 0.2561758237958104}",84.99465792841798,1100.0,5.0,0.24080923176542768,0.6392347065271191,0.5241899865379347,0.0918479715521428,0.8019795981263863,0.2561758237958104
157,[1 2 3 4 5 6 7],"{'n_estimators': 1100, 'max_depth': 3, 'learning_rate': 0.26384523701577184, 'subsample': 0.6885917075983614, 'colsample_bytree': 0.515528774474168, 'gamma': 0.28666392126087575, 'reg_alpha': 0.7171495806126444, 'reg_lambda': 0.7188319938293669}",85.02525890517519,1100.0,3.0,0.26384523701577184,0.6885917075983614,0.515528774474168,0.28666392126087575,0.7171495806126444,0.7188319938293669
47,[1 2 3 4 5 6 7],"{'n_estimators': 1100, 'max_depth': 4, 'learning_rate': 0.21524129464008407, 'subsample': 0.5868295472183427, 'colsample_bytree': 0.6495257901835264, 'gamma': 0.7602064372680919, 'reg_alpha': 0.6286759367148573, 'reg_lambda': 0.5627461532989607}",85.42946275090057,1100.0,4.0,0.21524129464008407,0.5868295472183427,0.6495257901835264,0.7602064372680919,0.6286759367148573,0.5627461532989607
167,[1 2 3 4 5 6 7],"{'n_estimators': 1100, 'max_depth': 3, 'learning_rate': 0.2598589041974071, 'subsample': 0.7063206657095453, 'colsample_bytree': 0.6854174035604117, 'gamma': 0.4763343958646449, 'reg_alpha': 0.9410201489159367, 'reg_lambda': 0.3777467040025755}",85.63108735119268,1100.0,3.0,0.2598589041974071,0.7063206657095453,0.6854174035604117,0.4763343958646449,0.9410201489159367,0.3777467040025755
120,[1 2 3 4 5 6 7],"{'n_estimators': 1100, 'max_depth': 3, 'learning_rate': 0.18482054738744075, 'subsample': 0.7314501365660405, 'colsample_bytree': 0.6519195699708006, 'gamma': 0.43604668048649187, 'reg_alpha': 0.9374324590542433, 'reg_lambda': 0.5353970968532649}",85.65369006327418,1100.0,3.0,0.18482054738744075,0.7314501365660405,0.6519195699708006,0.43604668048649187,0.9374324590542433,0.5353970968532649
116,[1 2 3 4 5 6 7],"{'n_estimators': 600, 'max_depth': 6, 'learning_rate': 0.20152478143133848, 'subsample': 0.6455156512465734, 'colsample_bytree': 0.6112932471922349, 'gamma': 0.2684244790035438, 'reg_alpha': 0.8868355486851239, 'reg_lambda': 0.43975120869312456}",85.67006079565566,600.0,6.0,0.20152478143133848,0.6455156512465734,0.6112932471922349,0.2684244790035438,0.8868355486851239,0.43975120869312456
50,[1 2 3 4 5 6 7],"{'n_estimators': 1200, 'max_depth': 4, 'learning_rate': 0.24415047553214644, 'subsample': 0.6377867758213629, 'colsample_bytree': 0.4732431655819147, 'gamma': 0.12651517064850099, 'reg_alpha': 0.708040897674319, 'reg_lambda': 0.5033353036732258}",85.87420663679374,1200.0,4.0,0.24415047553214644,0.6377867758213629,0.4732431655819147,0.12651517064850099,0.708040897674319,0.5033353036732258
136,[1 2 3 4 5 6 7],"{'n_estimators': 1100, 'max_depth': 6, 'learning_rate': 0.2592424319323666, 'subsample': 0.614849095505007, 'colsample_bytree': 0.49095091379440586, 'gamma': 0.5278857487742598, 'reg_alpha': 0.9161378960962399, 'reg_lambda': 0.5231338120273005}",85.92892119225357,1100.0,6.0,0.2592424319323666,0.614849095505007,0.49095091379440586,0.5278857487742598,0.9161378960962399,0.5231338120273005
128,[1 2 3 4 5 6 7],"{'n_estimators': 900, 'max_depth': 4, 'learning_rate': 0.2663138995984958, 'subsample': 0.5990957595160669, 'colsample_bytree': 0.5976958912500321, 'gamma': 0.2798542880164455, 'reg_alpha': 0.7630738747457159, 'reg_lambda': 0.529535708224405}",86.03397415821138,900.0,4.0,0.2663138995984958,0.5990957595160669,0.5976958912500321,0.2798542880164455,0.7630738747457159,0.529535708224405
144,[1 2 3 4 5 6 7],"{'n_estimators': 1100, 'max_depth': 3, 'learning_rate': 0.2448032958954193, 'subsample': 0.7165046702497989, 'colsample_bytree': 0.5949638866566525, 'gamma': 0.16058001451982348, 'reg_alpha': 0.6953550934908476, 'reg_lambda': 0.46689000005081494}",86.08656279985298,1100.0,3.0,0.2448032958954193,0.7165046702497989,0.5949638866566525,0.16058001451982348,0.6953550934908476,0.46689000005081494
39,[1 2 3 4 5 6 7],"{'n_estimators': 600, 'max_depth': 5, 'learning_rate': 0.28086619213312997, 'subsample': 0.316850985403397, 'colsample_bytree': 0.6658806996929021, 'gamma': 0.5853609218369019, 'reg_alpha': 0.6734028748039168, 'reg_lambda': 0.4355254227604586}",86.29694184010113,600.0,5.0,0.28086619213312997,0.316850985403397,0.6658806996929021,0.5853609218369019,0.6734028748039168,0.4355254227604586
197,[1 2 3 4 5 6 7],"{'n_estimators': 1100, 'max_depth': 5, 'learning_rate': 0.2702897979803041, 'subsample': 0.7258471222587054, 'colsample_bytree': 0.584280037915988, 'gamma': 0.18312590414405885, 'reg_alpha': 0.7072056604226812, 'reg_lambda': 0.5222024702595316}",86.51902816657532,1100.0,5.0,0.2702897979803041,0.7258471222587054,0.584280037915988,0.18312590414405885,0.7072056604226812,0.5222024702595316
109,[1 2 3 4 5 6 7],"{'n_estimators': 1000, 'max_depth': 3, 'learning_rate': 0.24556091159530372, 'subsample': 0.7369113580508944, 'colsample_bytree': 0.5890860718162738, 'gamma': 0.090984009344304, 'reg_alpha': 0.9799151406151504, 'reg_lambda': 0.3807114756630691}",86.5666448872681,1000.0,3.0,0.24556091159530372,0.7369113580508944,0.5890860718162738,0.090984009344304,0.9799151406151504,0.3807114756630691
37,[1 2 3 4 5 6 7],"{'n_estimators': 900, 'max_depth': 7, 'learning_rate': 0.21060869432764676, 'subsample': 0.3690247218962051, 'colsample_bytree': 0.8741742912873982, 'gamma': 0.7236281938275646, 'reg_alpha': 0.8454508957904645, 'reg_lambda': 0.7236481614689336}",86.63138087321332,900.0,7.0,0.21060869432764676,0.3690247218962051,0.8741742912873982,0.7236281938275646,0.8454508957904645,0.7236481614689336
170,[1 2 3 4 5 6 7],"{'n_estimators': 1100, 'max_depth': 3, 'learning_rate': 0.28168856488218175, 'subsample': 0.7262137276722773, 'colsample_bytree': 0.9431130070071193, 'gamma': 0.2750140682900212, 'reg_alpha': 0.9084507268934401, 'reg_lambda': 0.6795179533481603}",86.67215569058085,1100.0,3.0,0.28168856488218175,0.7262137276722773,0.9431130070071193,0.2750140682900212,0.9084507268934401,0.6795179533481603
176,[1 2 3 4 5 6 7],"{'n_estimators': 1200, 'max_depth': 3, 'learning_rate': 0.2237153771433938, 'subsample': 0.602834056734768, 'colsample_bytree': 0.6214796773269663, 'gamma': 0.2656619333741813, 'reg_alpha': 0.7558704406314257, 'reg_lambda': 0.530779131858621}",86.83069140285689,1200.0,3.0,0.2237153771433938,0.602834056734768,0.6214796773269663,0.2656619333741813,0.7558704406314257,0.530779131858621
115,[1 2 3 4 5 6 7],"{'n_estimators': 1100, 'max_depth': 3, 'learning_rate': 0.2623701078512025, 'subsample': 0.6665363569982292, 'colsample_bytree': 0.9304631742315236, 'gamma': 0.17923940325042836, 'reg_alpha': 0.9989095942927004, 'reg_lambda': 0.5163454264170815}",86.85225421915456,1100.0,3.0,0.2623701078512025,0.6665363569982292,0.9304631742315236,0.17923940325042836,0.9989095942927004,0.5163454264170815
77,[1 2 3 4 5 6 7],"{'n_estimators': 1100, 'max_depth': 4, 'learning_rate': 0.18300945592459172, 'subsample': 0.6007203688786275, 'colsample_bytree': 0.7998053427385062, 'gamma': 0.10391500221511016, 'reg_alpha': 0.7510556175403807, 'reg_lambda': 0.5400008997352823}",86.9841481276751,1100.0,4.0,0.18300945592459172,0.6007203688786275,0.7998053427385062,0.10391500221511016,0.7510556175403807,0.5400008997352823
34,[1 2 3 4 5 6 7],"{'n_estimators': 500, 'max_depth': 3, 'learning_rate': 0.24437707791463265, 'subsample': 0.5814914251042254, 'colsample_bytree': 0.6653586461904571, 'gamma': 0.400244366112794, 'reg_alpha': 0.8943046996576728, 'reg_lambda': 0.46734951185894774}",87.07050751878916,500.0,3.0,0.24437707791463265,0.5814914251042254,0.6653586461904571,0.400244366112794,0.8943046996576728,0.46734951185894774
66,[1 2 3 4 5 6 7],"{'n_estimators': 1200, 'max_depth': 4, 'learning_rate': 0.2629164848576194, 'subsample': 0.6174850842171238, 'colsample_bytree': 0.501541349468286, 'gamma': 0.09466616479246423, 'reg_alpha': 0.8348362197722607, 'reg_lambda': 0.5200129798927666}",87.16434361364433,1200.0,4.0,0.2629164848576194,0.6174850842171238,0.501541349468286,0.09466616479246423,0.8348362197722607,0.5200129798927666
97,[1 2 3 4 5 6 7],"{'n_estimators': 1200, 'max_depth': 9, 'learning_rate': 0.19253451177111688, 'subsample': 0.7185190614806576, 'colsample_bytree': 0.5033796178234028, 'gamma': 0.12035588829951345, 'reg_alpha': 0.9502254864212681, 'reg_lambda': 0.3499980221651588}",87.30860963661901,1200.0,9.0,0.19253451177111688,0.7185190614806576,0.5033796178234028,0.12035588829951345,0.9502254864212681,0.3499980221651588
85,[1 2 3 4 5 6 7],"{'n_estimators': 1200, 'max_depth': 4, 'learning_rate': 0.29265836980683996, 'subsample': 0.6598592170605466, 'colsample_bytree': 0.5539084891195866, 'gamma': 0.20589289209363637, 'reg_alpha': 0.8124055402086806, 'reg_lambda': 0.5170255710266537}",87.34086240577717,1200.0,4.0,0.29265836980683996,0.6598592170605466,0.5539084891195866,0.20589289209363637,0.8124055402086806,0.5170255710266537
4,[1 2 3 4 5 6 7],"{'n_estimators': 700, 'max_depth': 6, 'learning_rate': 0.2186568422449557, 'subsample': 0.38103510067521873, 'colsample_bytree': 0.4837161762665274, 'gamma': 0.8933891631171348, 'reg_alpha': 0.9441600182038796, 'reg_lambda': 0.5018366758843366}",87.36283296509214,700.0,6.0,0.2186568422449557,0.38103510067521873,0.4837161762665274,0.8933891631171348,0.9441600182038796,0.5018366758843366
25,[1 2 3 4 5 6 7],"{'n_estimators': 600, 'max_depth': 9, 'learning_rate': 0.2705368601505294, 'subsample': 0.36532773562187026, 'colsample_bytree': 0.9935909075159293, 'gamma': 0.8199549028608887, 'reg_alpha': 0.9904749163005717, 'reg_lambda': 0.6215471168981493}",87.49275881148655,600.0,9.0,0.2705368601505294,0.36532773562187026,0.9935909075159293,0.8199549028608887,0.9904749163005717,0.6215471168981493
31,[1 2 3 4 5 6 7],"{'n_estimators': 400, 'max_depth': 7, 'learning_rate': 0.3596603925492417, 'subsample': 0.4451745044964085, 'colsample_bytree': 0.8287856455035972, 'gamma': 0.48174304538183566, 'reg_alpha': 0.9059912604921906, 'reg_lambda': 0.45639698091377184}",87.8158905876712,400.0,7.0,0.3596603925492417,0.4451745044964085,0.8287856455035972,0.48174304538183566,0.9059912604921906,0.45639698091377184
187,[1 2 3 4 5 6 7],"{'n_estimators': 1200, 'max_depth': 3, 'learning_rate': 0.26857715375124147, 'subsample': 0.5883409496361555, 'colsample_bytree': 0.8132837100443211, 'gamma': 0.5792361697467825, 'reg_alpha': 0.9789323007472097, 'reg_lambda': 0.4905456002185767}",87.94817111452122,1200.0,3.0,0.26857715375124147,0.5883409496361555,0.8132837100443211,0.5792361697467825,0.9789323007472097,0.4905456002185767
67,[1 2 3 4 5 6 7],"{'n_estimators': 1000, 'max_depth': 3, 'learning_rate': 0.2011543242836413, 'subsample': 0.5811208972961541, 'colsample_bytree': 0.6204951544430384, 'gamma': 0.04134126016457991, 'reg_alpha': 0.8868824833107624, 'reg_lambda': 0.5589487902014909}",88.13373439128371,1000.0,3.0,0.2011543242836413,0.5811208972961541,0.6204951544430384,0.04134126016457991,0.8868824833107624,0.5589487902014909
53,[1 2 3 4 5 6 7],"{'n_estimators': 1200, 'max_depth': 4, 'learning_rate': 0.2290123592517493, 'subsample': 0.6892401158604523, 'colsample_bytree': 0.5839667472386134, 'gamma': 0.192263629838484, 'reg_alpha': 0.8065768963204456, 'reg_lambda': 0.4993212011158427}",89.01743848378241,1200.0,4.0,0.2290123592517493,0.6892401158604523,0.5839667472386134,0.192263629838484,0.8065768963204456,0.4993212011158427
16,[1 2 3 4 5 6 7],"{'n_estimators': 500, 'max_depth': 5, 'learning_rate': 0.3557455869012529, 'subsample': 0.6533195743856788, 'colsample_bytree': 0.6032890744305468, 'gamma': 0.7319300161380043, 'reg_alpha': 0.8549049823949196, 'reg_lambda': 0.538768250838865}",89.16836340884277,500.0,5.0,0.3557455869012529,0.6533195743856788,0.6032890744305468,0.7319300161380043,0.8549049823949196,0.538768250838865
140,[1 2 3 4 5 6 7],"{'n_estimators': 800, 'max_depth': 4, 'learning_rate': 0.2278906554863124, 'subsample': 0.6469512230375306, 'colsample_bytree': 0.7826945525402076, 'gamma': 0.15634554963640918, 'reg_alpha': 0.8109212774603783, 'reg_lambda': 0.6056360511371897}",89.20980250172937,800.0,4.0,0.2278906554863124,0.6469512230375306,0.7826945525402076,0.15634554963640918,0.8109212774603783,0.6056360511371897
0,[1 2 3 4 5 6 7],"{'n_estimators': 1000, 'max_depth': 5, 'learning_rate': 0.12115721224645952, 'subsample': 0.5961832921746021, 'colsample_bytree': 0.7475220728070068, 'gamma': 0.42310646012446096, 'reg_alpha': 0.9807641983846155, 'reg_lambda': 0.6848297385848633}",89.2786289741729,1000.0,5.0,0.12115721224645952,0.5961832921746021,0.7475220728070068,0.42310646012446096,0.9807641983846155,0.6848297385848633
29,[1 2 3 4 5 6 7],"{'n_estimators': 600, 'max_depth': 5, 'learning_rate': 0.3990266949985377, 'subsample': 0.6125552206481897, 'colsample_bytree': 0.7752790246693106, 'gamma': 0.6151463473251714, 'reg_alpha': 0.9937920752329577, 'reg_lambda': 0.6846009131446296}",89.31614446876785,600.0,5.0,0.3990266949985377,0.6125552206481897,0.7752790246693106,0.6151463473251714,0.9937920752329577,0.6846009131446296
125,[1 2 3 4 5 6 7],"{'n_estimators': 1200, 'max_depth': 3, 'learning_rate': 0.2286841221861839, 'subsample': 0.6964075433436108, 'colsample_bytree': 0.5545733065561161, 'gamma': 0.17365133396557778, 'reg_alpha': 0.7975986519341188, 'reg_lambda': 0.47728555348888047}",89.65999541666802,1200.0,3.0,0.2286841221861839,0.6964075433436108,0.5545733065561161,0.17365133396557778,0.7975986519341188,0.47728555348888047
139,[1 2 3 4 5 6 7],"{'n_estimators': 1200, 'max_depth': 3, 'learning_rate': 0.20573521825531568, 'subsample': 0.5549119206172403, 'colsample_bytree': 0.9901080407793352, 'gamma': 0.266526489726011, 'reg_alpha': 0.9641661435601262, 'reg_lambda': 0.5457599718007756}",89.73691158341353,1200.0,3.0,0.20573521825531568,0.5549119206172403,0.9901080407793352,0.266526489726011,0.9641661435601262,0.5457599718007756
135,[1 2 3 4 5 6 7],"{'n_estimators': 1200, 'max_depth': 3, 'learning_rate': 0.275467916177906, 'subsample': 0.6801057143728618, 'colsample_bytree': 0.606074066098835, 'gamma': 0.5943719532744839, 'reg_alpha': 0.9872424664660829, 'reg_lambda': 0.40713748365431895}",89.87558851545734,1200.0,3.0,0.275467916177906,0.6801057143728618,0.606074066098835,0.5943719532744839,0.9872424664660829,0.40713748365431895
19,[1 2 3 4 5 6 7],"{'n_estimators': 600, 'max_depth': 4, 'learning_rate': 0.2609889202030604, 'subsample': 0.7754537054723385, 'colsample_bytree': 0.9050206520638464, 'gamma': 0.0013568021986705148, 'reg_alpha': 0.7634090164333591, 'reg_lambda': 0.5722056178649191}",90.0616687188629,600.0,4.0,0.2609889202030604,0.7754537054723385,0.9050206520638464,0.0013568021986705148,0.7634090164333591,0.5722056178649191
11,[1 2 3 4 5 6 7],"{'n_estimators': 400, 'max_depth': 3, 'learning_rate': 0.2997780293680715, 'subsample': 0.9669050850160845, 'colsample_bytree': 0.9569420590041804, 'gamma': 0.34663991671710365, 'reg_alpha': 0.5909689957279931, 'reg_lambda': 0.9883221396966283}",90.06246223767809,400.0,3.0,0.2997780293680715,0.9669050850160845,0.9569420590041804,0.34663991671710365,0.5909689957279931,0.9883221396966283
88,[1 2 3 4 5 6 7],"{'n_estimators': 1200, 'max_depth': 5, 'learning_rate': 0.226472706596627, 'subsample': 0.6882723547441854, 'colsample_bytree': 0.5943477327619928, 'gamma': 0.25442274449509833, 'reg_alpha': 0.8286213069933439, 'reg_lambda': 0.5753891764928083}",90.11444890478315,1200.0,5.0,0.226472706596627,0.6882723547441854,0.5943477327619928,0.25442274449509833,0.8286213069933439,0.5753891764928083
30,[1 2 3 4 5 6 7],"{'n_estimators': 700, 'max_depth': 4, 'learning_rate': 0.26872494489756016, 'subsample': 0.40295336114396885, 'colsample_bytree': 0.7391419775431689, 'gamma': 0.5127298900399171, 'reg_alpha': 0.652582232172729, 'reg_lambda': 0.5363051892801685}",90.23354555838307,700.0,4.0,0.26872494489756016,0.40295336114396885,0.7391419775431689,0.5127298900399171,0.652582232172729,0.5363051892801685
6,[1 2 3 4 5 6 7],"{'n_estimators': 800, 'max_depth': 7, 'learning_rate': 0.06910804633525863, 'subsample': 0.8437067204561499, 'colsample_bytree': 0.6427541155698346, 'gamma': 0.5450680064664649, 'reg_alpha': 0.3427638337743084, 'reg_lambda': 0.3041207890271841}",90.43046647984792,800.0,7.0,0.06910804633525863,0.8437067204561499,0.6427541155698346,0.5450680064664649,0.3427638337743084,0.3041207890271841
28,[1 2 3 4 5 6 7],"{'n_estimators': 500, 'max_depth': 6, 'learning_rate': 0.2994408608587623, 'subsample': 0.5959162395347404, 'colsample_bytree': 0.9311804042047224, 'gamma': 0.8969822918956939, 'reg_alpha': 0.7962709391997984, 'reg_lambda': 0.6472024651729896}",90.65643725952518,500.0,6.0,0.2994408608587623,0.5959162395347404,0.9311804042047224,0.8969822918956939,0.7962709391997984,0.6472024651729896
86,[1 2 3 4 5 6 7],"{'n_estimators': 1100, 'max_depth': 8, 'learning_rate': 0.21831802628526426, 'subsample': 0.6994189751431914, 'colsample_bytree': 0.6524853643277595, 'gamma': 0.2481369966070926, 'reg_alpha': 0.6745217324581263, 'reg_lambda': 0.38722255132367084}",91.21424339287645,1100.0,8.0,0.21831802628526426,0.6994189751431914,0.6524853643277595,0.2481369966070926,0.6745217324581263,0.38722255132367084
22,[1 2 3 4 5 6 7],"{'n_estimators': 500, 'max_depth': 7, 'learning_rate': 0.4063817262092375, 'subsample': 0.6055754947015345, 'colsample_bytree': 0.6913207743091203, 'gamma': 0.346499046446203, 'reg_alpha': 0.8432280724604676, 'reg_lambda': 0.6094294745300844}",91.27133254608809,500.0,7.0,0.4063817262092375,0.6055754947015345,0.6913207743091203,0.346499046446203,0.8432280724604676,0.6094294745300844
17,[1 2 3 4 5 6 7],"{'n_estimators': 600, 'max_depth': 3, 'learning_rate': 0.22960001735031468, 'subsample': 0.7141377325839753, 'colsample_bytree': 0.8217317468514963, 'gamma': 0.25795494236754385, 'reg_alpha': 0.7110766687461058, 'reg_lambda': 0.611643626678589}",91.52272592079821,600.0,3.0,0.22960001735031468,0.7141377325839753,0.8217317468514963,0.25795494236754385,0.7110766687461058,0.611643626678589
75,[1 2 3 4 5 6 7],"{'n_estimators': 1100, 'max_depth': 3, 'learning_rate': 0.2388024173284774, 'subsample': 0.676606955212823, 'colsample_bytree': 0.9063345750608071, 'gamma': 0.07923718446196984, 'reg_alpha': 0.789649944918263, 'reg_lambda': 0.6240545827658918}",91.5522284278732,1100.0,3.0,0.2388024173284774,0.676606955212823,0.9063345750608071,0.07923718446196984,0.789649944918263,0.6240545827658918
195,[1 2 3 4 5 6 7],"{'n_estimators': 1200, 'max_depth': 3, 'learning_rate': 0.22193643975054034, 'subsample': 0.6660894438929356, 'colsample_bytree': 0.8847557926659048, 'gamma': 0.22988349435361707, 'reg_alpha': 0.6699468294964205, 'reg_lambda': 0.4962675434089767}",93.02507979513761,1200.0,3.0,0.22193643975054034,0.6660894438929356,0.8847557926659048,0.22988349435361707,0.6699468294964205,0.4962675434089767
70,[1 2 3 4 5 6 7],"{'n_estimators': 900, 'max_depth': 4, 'learning_rate': 0.1860720631231771, 'subsample': 0.6242816978902679, 'colsample_bytree': 0.8568199035830266, 'gamma': 0.2955201497378991, 'reg_alpha': 0.8230681886874996, 'reg_lambda': 0.518927297628088}",93.62449504772877,900.0,4.0,0.1860720631231771,0.6242816978902679,0.8568199035830266,0.2955201497378991,0.8230681886874996,0.518927297628088
198,[1 2 3 4 5 6 7],"{'n_estimators': 1200, 'max_depth': 3, 'learning_rate': 0.30156363629855126, 'subsample': 0.6962721914167119, 'colsample_bytree': 0.7833354655187024, 'gamma': 0.21212988248887238, 'reg_alpha': 0.652839993820101, 'reg_lambda': 0.4797486819250773}",95.2458316700788,1200.0,3.0,0.30156363629855126,0.6962721914167119,0.7833354655187024,0.21212988248887238,0.652839993820101,0.4797486819250773
21,[1 2 3 4 5 6 7],"{'n_estimators': 400, 'max_depth': 8, 'learning_rate': 0.3377165458173337, 'subsample': 0.44114319186021955, 'colsample_bytree': 0.8069103728931616, 'gamma': 0.46656211391844304, 'reg_alpha': 0.8733633186845429, 'reg_lambda': 0.38833130530859244}",96.30054056677804,400.0,8.0,0.3377165458173337,0.44114319186021955,0.8069103728931616,0.46656211391844304,0.8733633186845429,0.38833130530859244
56,[1 2 3 4 5 6 7],"{'n_estimators': 1000, 'max_depth': 4, 'learning_rate': 0.2208269913862741, 'subsample': 0.742896375741638, 'colsample_bytree': 0.6346374905589601, 'gamma': 0.2641549317936567, 'reg_alpha': 0.6896666309942246, 'reg_lambda': 0.40818409072204515}",96.64634500372702,1000.0,4.0,0.2208269913862741,0.742896375741638,0.6346374905589601,0.2641549317936567,0.6896666309942246,0.40818409072204515
130,[1 2 3 4 5 6 7],"{'n_estimators': 1100, 'max_depth': 8, 'learning_rate': 0.34147260319278666, 'subsample': 0.6292203871261725, 'colsample_bytree': 0.8907749345070115, 'gamma': 0.07298948743869503, 'reg_alpha': 0.82539347263007, 'reg_lambda': 0.5670065410514067}",96.67402945201161,1100.0,8.0,0.34147260319278666,0.6292203871261725,0.8907749345070115,0.07298948743869503,0.82539347263007,0.5670065410514067
137,[1 2 3 4 5 6 7],"{'n_estimators': 1100, 'max_depth': 3, 'learning_rate': 0.30373094562418834, 'subsample': 0.5768814472309536, 'colsample_bytree': 0.5789664560614801, 'gamma': 0.2886786858848736, 'reg_alpha': 0.7459223675982026, 'reg_lambda': 0.36445979306663967}",98.35400647847472,1100.0,3.0,0.30373094562418834,0.5768814472309536,0.5789664560614801,0.2886786858848736,0.7459223675982026,0.36445979306663967
158,[1 2 3 4 5 6 7],"{'n_estimators': 1200, 'max_depth': 4, 'learning_rate': 0.2399707209998723, 'subsample': 0.4513500769939045, 'colsample_bytree': 0.86905285085301, 'gamma': 0.5154512374802076, 'reg_alpha': 0.9608010267168726, 'reg_lambda': 0.5087918364255142}",100.35694023465157,1200.0,4.0,0.2399707209998723,0.4513500769939045,0.86905285085301,0.5154512374802076,0.9608010267168726,0.5087918364255142
7,[1 2 3 4 5 6 7],"{'n_estimators': 700, 'max_depth': 8, 'learning_rate': 0.4389738524796357, 'subsample': 0.5593801037302101, 'colsample_bytree': 0.7023824046660451, 'gamma': 0.5859365525622129, 'reg_alpha': 0.6249035020955999, 'reg_lambda': 0.6746890509878248}",100.53777068339375,700.0,8.0,0.4389738524796357,0.5593801037302101,0.7023824046660451,0.5859365525622129,0.6249035020955999,0.6746890509878248
26,[1 2 3 4 5 6 7],"{'n_estimators': 500, 'max_depth': 5, 'learning_rate': 0.33528525799251996, 'subsample': 0.654869917759662, 'colsample_bytree': 0.7751582204445009, 'gamma': 0.6854316389990329, 'reg_alpha': 0.7279015887508157, 'reg_lambda': 0.49665802312081986}",100.86037652053808,500.0,5.0,0.33528525799251996,0.654869917759662,0.7751582204445009,0.6854316389990329,0.7279015887508157,0.49665802312081986
36,[1 2 3 4 5 6 7],"{'n_estimators': 500, 'max_depth': 6, 'learning_rate': 0.32102581289817034, 'subsample': 0.48475681147520344, 'colsample_bytree': 0.9473282494466951, 'gamma': 0.5233551669018839, 'reg_alpha': 0.9996290405707129, 'reg_lambda': 0.5027294299932267}",100.98684446116724,500.0,6.0,0.32102581289817034,0.48475681147520344,0.9473282494466951,0.5233551669018839,0.9996290405707129,0.5027294299932267
32,[1 2 3 4 5 6 7],"{'n_estimators': 400, 'max_depth': 6, 'learning_rate': 0.4914945767043811, 'subsample': 0.5112158794527325, 'colsample_bytree': 0.8707832249830563, 'gamma': 0.5397912755861289, 'reg_alpha': 0.8388738789884008, 'reg_lambda': 0.3993217932606923}",103.55340133924052,400.0,6.0,0.4914945767043811,0.5112158794527325,0.8707832249830563,0.5397912755861289,0.8388738789884008,0.3993217932606923
12,[1 2 3 4 5 6 7],"{'n_estimators': 600, 'max_depth': 4, 'learning_rate': 0.28531809364838756, 'subsample': 0.4589879406524997, 'colsample_bytree': 0.8492627049702709, 'gamma': 0.8022394982976364, 'reg_alpha': 0.7802916997747216, 'reg_lambda': 0.044839363582925396}",104.69179220005779,600.0,4.0,0.28531809364838756,0.4589879406524997,0.8492627049702709,0.8022394982976364,0.7802916997747216,0.044839363582925396
10,[1 2 3 4 5 6 7],"{'n_estimators': 400, 'max_depth': 10, 'learning_rate': 0.3024352124604788, 'subsample': 0.1072550290636185, 'colsample_bytree': 0.14183572239415482, 'gamma': 0.9687485406819448, 'reg_alpha': 0.7024236194881206, 'reg_lambda': 0.1992557319625562}",209.93872023673646,400.0,10.0,0.3024352124604788,0.1072550290636185,0.14183572239415482,0.9687485406819448,0.7024236194881206,0.1992557319625562
